{
	"id": "2381527d-b14a-446e-ba5a-b718b3c7d4a1",
	"name": "Env-RupiApp",
	"values": [
		{
			"key": "base_url",
			"value": "https://api.rupiapp.me",
			"type": "default",
			"enabled": true
		},
		{
			"key": "username_anggitastriani",
			"value": "anggitastriani",
			"type": "default",
			"enabled": true
		},
		{
			"key": "phone_anggitastriani",
			"value": "6282223519805",
			"type": "default",
			"enabled": true
		},
		{
			"key": "pin_anggitastriani",
			"value": "121212",
			"type": "default",
			"enabled": true
		},
		{
			"key": "accessToken",
			"value": "automate access token",
			"type": "default",
			"enabled": true
		},
		{
			"key": "refreshToken",
			"value": "automate refresh token",
			"type": "default",
			"enabled": true
		},
		{
			"key": "baseURL",
			"value": "https://tart-frannie-resa-5a74b69b.koyeb.app",
			"type": "default",
			"enabled": true
		},
		{
			"key": "destinationID",
			"value": "automate id destination",
			"type": "default",
			"enabled": true
		},
		{
			"key": "qris-cpm",
			"value": "automate qris cpm",
			"type": "default",
			"enabled": true
		},
		{
			"key": "mutationID",
			"value": "automate mutation id",
			"type": "default",
			"enabled": true
		},
		{
			"key": "generate-qr",
			"value": "automate generate qr",
			"type": "default",
			"enabled": true
		},
		{
			"key": "X-SIGNATURE",
			"value": "automate x-signature",
			"type": "default",
			"enabled": true
		},
		{
			"key": "qris-mpm",
			"value": "automate qris mpm",
			"type": "default",
			"enabled": true
		},
		{
			"key": "token-withdraw",
			"value": "automate token-withdraw",
			"type": "default",
			"enabled": true
		},
		{
			"key": "token-topup",
			"value": "automate token-topup",
			"type": "default",
			"enabled": true
		},
		{
			"key": "qris-other-user",
			"value": "QRIS belonging to another RupiApp user",
			"type": "default",
			"enabled": true
		},
		{
			"key": "accessTokenU2",
			"value": "",
			"type": "any",
			"enabled": true
		},
		{
			"key": "refreshTokenU2",
			"value": "",
			"type": "any",
			"enabled": true
		},
		{
			"key": "qris-mpmU2",
			"value": "",
			"type": "any",
			"enabled": true
		},
		{
			"key": "regist-pass",
			"value": "automate registration password",
			"type": "default",
			"enabled": true
		},
		{
			"key": "access_token",
			"value": "",
			"type": "any",
			"enabled": true
		},
		{
			"key": "change-email",
			"value": "astrianianggit@gmail.com",
			"type": "any",
			"enabled": true
		},
		{
			"key": "change-phone",
			"value": "6285158112481",
			"type": "any",
			"enabled": true
		},
		{
			"key": "change-pin",
			"value": "121212",
			"type": "any",
			"enabled": true
		},
		{
			"key": "change-password",
			"value": "7e5tin9_U53r",
			"type": "default",
			"enabled": true
		},
		{
			"key": "current-password",
			"value": "7e5tin9_U53r",
			"type": "any",
			"enabled": true
		},
		{
			"key": "current-phone",
			"value": "6285158112481",
			"type": "any",
			"enabled": true
		},
		{
			"key": "current-email",
			"value": "astrianianggit@gmail.com",
			"type": "any",
			"enabled": true
		},
		{
			"key": "current-pin",
			"value": "123123",
			"type": "default",
			"enabled": true
		},
		{
			"key": "pin",
			"value": "121212",
			"type": "default",
			"enabled": true
		},
		{
			"key": "new-pin",
			"value": "123123",
			"type": "default",
			"enabled": true
		},
		{
			"key": "password",
			"value": "P4ssword_7e5tin9",
			"type": "default",
			"enabled": true
		},
		{
			"key": "new-password",
			"value": "7e5tin9_U53r",
			"type": "default",
			"enabled": true
		},
		{
			"key": "phone",
			"value": "6282223519805",
			"type": "default",
			"enabled": true
		},
		{
			"key": "new_phone",
			"value": "6285158112481",
			"type": "default",
			"enabled": true
		},
		{
			"key": "email",
			"value": "anggitastriani10@gmail.com",
			"type": "default",
			"enabled": true
		},
		{
			"key": "new-email",
			"value": "astrianianggit@gmail.com",
			"type": "default",
			"enabled": true
		}
	],
	"_postman_variable_scope": "environment",
	"_postman_exported_at": "2024-08-28T16:42:45.101Z",
	"_postman_exported_using": "Postman/11.10.0-240820-1117"
}