{
	"info": {
		"_postman_id": "9ce6792d-5a4f-48ba-9e00-c2fdd02c9687",
		"name": "RupiApp-UserSetting",
		"schema": "https://schema.getpostman.com/json/collection/v2.1.0/collection.json",
		"_exporter_id": "34446296",
		"_collection_link": "https://team-7-rupi-app.postman.co/workspace/f39f6ea8-4ef9-4601-8aec-776a9606be10/collection/34446296-9ce6792d-5a4f-48ba-9e00-c2fdd02c9687?action=share&source=collection_link&creator=34446296"
	},
	"item": [
		{
			"name": "User",
			"item": [
				{
					"name": "Sign In",
					"event": [
						{
							"listen": "test",
							"script": {
								"exec": [
									"var jsonData = pm.response.json();\r",
									"pm.environment.set(\"accessToken\", jsonData.data.access_token);\r",
									"pm.environment.set(\"refreshToken\", jsonData.data.refresh_token);\r",
									"\r",
									"pm.test(\"Check if status code is 200\", function () {\r",
									"    pm.response.to.have.status(200);\r",
									"});\r",
									"\r",
									"pm.test(\"Check if response time is less than 2s\", function () {\r",
									"    pm.expect(pm.response.responseTime).to.be.below(2000);\r",
									"});\r",
									"\r",
									"pm.test(\"Check response type data\", function () {\r",
									"    var jsonData = pm.response.json();\r",
									"    pm.expect(jsonData.data.username).to.be.a(\"string\");\r",
									"    pm.expect(jsonData.data.email).to.be.a(\"string\");\r",
									"    pm.expect(jsonData.data.phone).to.be.a(\"string\");\r",
									"    pm.expect(jsonData.data.access_token).to.be.a(\"string\");\r",
									"    pm.expect(jsonData.data.refresh_token).to.be.a(\"string\");\r",
									"});\r",
									"\r",
									"pm.test(\"Body matches string access token\", function () {\r",
									"    pm.expect(pm.response.text()).to.include(\"access_token\");\r",
									"});\r",
									"\r",
									"pm.test(\"Body matches string resfresh token\", function () {\r",
									"    pm.expect(pm.response.text()).to.include(\"refresh_token\");\r",
									"});\r",
									"\r",
									"pm.test(\"Check message value - Signin success\", function () {\r",
									"    var jsonData = pm.response.json();\r",
									"    pm.expect(jsonData.message).to.eql(\"Signin success\");\r",
									"});\r",
									"\r",
									"const schema = \r",
									"{\r",
									"  \"type\": \"object\",\r",
									"  \"properties\": {\r",
									"    \"data\": {\r",
									"      \"type\": \"object\",\r",
									"      \"properties\": {\r",
									"        \"username\": {\r",
									"          \"type\": \"string\"\r",
									"        },\r",
									"        \"email\": {\r",
									"          \"type\": \"string\"\r",
									"        },\r",
									"        \"phone\": {\r",
									"          \"type\": \"string\"\r",
									"        },\r",
									"        \"access_token\": {\r",
									"          \"type\": \"string\"\r",
									"        },\r",
									"        \"refresh_token\": {\r",
									"          \"type\": \"string\"\r",
									"        }\r",
									"      },\r",
									"      \"required\": [\r",
									"        \"username\",\r",
									"        \"email\",\r",
									"        \"phone\",\r",
									"        \"access_token\",\r",
									"        \"refresh_token\"\r",
									"      ]\r",
									"    },\r",
									"    \"message\": {\r",
									"      \"type\": \"string\"\r",
									"    }\r",
									"  },\r",
									"  \"required\": [\r",
									"    \"data\",\r",
									"    \"message\"\r",
									"  ]\r",
									"}\r",
									"\r",
									"pm.test(\"Check validate json schema\", function() {\r",
									"    pm.response.to.have.jsonSchema(schema);\r",
									"});"
								],
								"type": "text/javascript",
								"packages": {}
							}
						},
						{
							"listen": "prerequest",
							"script": {
								"exec": [
									""
								],
								"type": "text/javascript",
								"packages": {}
							}
						}
					],
					"request": {
						"method": "POST",
						"header": [
							{
								"key": "Content-Type",
								"value": "application/json",
								"type": "text"
							},
							{
								"key": "Accept",
								"value": "application/json",
								"type": "text"
							}
						],
						"body": {
							"mode": "raw",
							"raw": "// {\r\n//   \"username\": \"anggitastriani\",\r\n//   \"password\": \"{{current-password}}\"\r\n// }\r\n\r\n// {\r\n//   \"username\": \"anggitastriani\",\r\n//   \"password\": \"7e5tin9_U53r\"\r\n// }\r\n\r\n{\r\n  \"username\": \"anggitastriani\",\r\n  \"password\": \"P4ssword_7e5tin9\"\r\n}\r\n\r\n// {\r\n//   \"username\": \"samsul\",\r\n//   \"password\": \"123#4a567U8\"\r\n// }\r\n\r\n// {\r\n//     \"username\": \"testing2\",\r\n//     \"password\": \"Muhamad2001@\"\r\n// }",
							"options": {
								"raw": {
									"language": "json"
								}
							}
						},
						"url": {
							"raw": "{{base_url}}/auth/signin",
							"host": [
								"{{base_url}}"
							],
							"path": [
								"auth",
								"signin"
							]
						}
					},
					"response": []
				},
				{
					"name": "Verifikasi OTP Login",
					"event": [
						{
							"listen": "test",
							"script": {
								"exec": [
									"pm.test(\"Check if status code is 200\", function () {\r",
									"    pm.response.to.have.status(200);\r",
									"});\r",
									"\r",
									"pm.test(\"Check if response time is less than 2s\", function () {\r",
									"    pm.expect(pm.response.responseTime).to.be.below(2000);\r",
									"});\r",
									"\r",
									"pm.test(\"Check message value - Login verified\", function () {\r",
									"    var jsonData = pm.response.json();\r",
									"    pm.expect(jsonData.message).to.eql(\"Login verified\");\r",
									"});"
								],
								"type": "text/javascript",
								"packages": {}
							}
						}
					],
					"request": {
						"auth": {
							"type": "bearer",
							"bearer": [
								{
									"key": "token",
									"value": "{{accessToken}}",
									"type": "string"
								}
							]
						},
						"method": "POST",
						"header": [
							{
								"key": "Content-Type",
								"value": "application/json",
								"type": "text"
							},
							{
								"key": "Accept",
								"value": "application/json",
								"type": "text"
							},
							{
								"key": "",
								"value": "",
								"type": "text",
								"disabled": true
							}
						],
						"body": {
							"mode": "raw",
							"raw": "{\r\n  \"type\": \"LOGIN\",\r\n  \"otp\": \"123456\"\r\n}",
							"options": {
								"raw": {
									"language": "json"
								}
							}
						},
						"url": {
							"raw": "{{base_url}}/auth/verify",
							"host": [
								"{{base_url}}"
							],
							"path": [
								"auth",
								"verify"
							]
						}
					},
					"response": []
				},
				{
					"name": "User Profile",
					"event": [
						{
							"listen": "test",
							"script": {
								"exec": [
									"pm.test(\"Check if status code is 200\", function () {\r",
									"    pm.response.to.have.status(200);\r",
									"});\r",
									"\r",
									"pm.test(\"Check if response time is less than 2s\", function () {\r",
									"    pm.expect(pm.response.responseTime).to.be.below(2000);\r",
									"});\r",
									"\r",
									"pm.test(\"Check response type data\", function () {\r",
									"    var jsonData = pm.response.json();\r",
									"    pm.expect(jsonData.data.avatar).to.be.a(\"string\");\r",
									"    pm.expect(jsonData.data.username).to.be.a(\"string\");\r",
									"    pm.expect(jsonData.data.name).to.be.a(\"string\");\r",
									"    pm.expect(jsonData.data.email).to.be.a(\"string\");\r",
									"    pm.expect(jsonData.data.phone).to.be.a(\"string\");\r",
									"});\r",
									"\r",
									"pm.test(\"Check message value - User profile\", function () {\r",
									"    var jsonData = pm.response.json();\r",
									"    pm.expect(jsonData.message).to.eql(\"User profile\");\r",
									"}); "
								],
								"type": "text/javascript",
								"packages": {}
							}
						}
					],
					"request": {
						"auth": {
							"type": "bearer",
							"bearer": [
								{
									"key": "token",
									"value": "{{accessToken}}",
									"type": "string"
								}
							]
						},
						"method": "GET",
						"header": [
							{
								"key": "Accept",
								"value": "application/json",
								"type": "text"
							}
						],
						"url": {
							"raw": "{{base_url}}/users/profile",
							"host": [
								"{{base_url}}"
							],
							"path": [
								"users",
								"profile"
							]
						}
					},
					"response": []
				},
				{
					"name": "Change User Profile",
					"event": [
						{
							"listen": "test",
							"script": {
								"exec": [
									"pm.test(\"Check if status code is 200\", function () {\r",
									"    pm.response.to.have.status(200);\r",
									"});\r",
									"\r",
									"pm.test(\"Check if response time is less than 2s\", function () {\r",
									"    pm.expect(pm.response.responseTime).to.be.below(2000);\r",
									"});\r",
									"\r",
									"pm.test(\"Check message value - Profile has been changed\", function () {\r",
									"    var jsonData = pm.response.json();\r",
									"    pm.expect(jsonData.message).to.eql(\"Profile has been changed\");\r",
									"}); "
								],
								"type": "text/javascript",
								"packages": {}
							}
						}
					],
					"request": {
						"auth": {
							"type": "bearer",
							"bearer": [
								{
									"key": "token",
									"value": "{{accessToken}}",
									"type": "string"
								}
							]
						},
						"method": "PUT",
						"header": [],
						"body": {
							"mode": "formdata",
							"formdata": [
								{
									"key": "name",
									"value": "Profile",
									"type": "text"
								},
								{
									"key": "avatar",
									"type": "file",
									"src": "postman-cloud:///1ef24247-7cc1-4220-bb18-b9941946259e"
								}
							]
						},
						"url": {
							"raw": "{{base_url}}/users/profile",
							"host": [
								"{{base_url}}"
							],
							"path": [
								"users",
								"profile"
							]
						}
					},
					"response": []
				},
				{
					"name": "Verify User PIN",
					"event": [
						{
							"listen": "test",
							"script": {
								"exec": [
									"var jsonData = pm.response.json();\r",
									"pm.environment.set(\"X-SIGNATURE\", jsonData.data.signature);\r",
									"\r",
									"pm.test(\"Check if status code is 200\", function () {\r",
									"    pm.response.to.have.status(200);\r",
									"});\r",
									"\r",
									"pm.test(\"Check if response time is less than 2s\", function () {\r",
									"    pm.expect(pm.response.responseTime).to.be.below(2000);\r",
									"});\r",
									"\r",
									"pm.test(\"Check message value - Pin has been verified\", function () {\r",
									"    var jsonData = pm.response.json();\r",
									"    pm.expect(jsonData.message).to.eql(\"Pin has been verified\");\r",
									"}); \r",
									"\r",
									"pm.test(\"Body matches string signature\", function () {\r",
									"    pm.expect(pm.response.text()).to.include(\"signature\");\r",
									"});"
								],
								"type": "text/javascript",
								"packages": {}
							}
						},
						{
							"listen": "prerequest",
							"script": {
								"exec": [
									"// pm.sendRequest({\r",
									"//     url: pm.environment.get(\"base_url\") + \"/users/verify-pin\",\r",
									"//     method: 'POST',\r",
									"//     header: {\r",
									"//         'Content-Type': 'application/json',\r",
									"//         'Authorization': 'Bearer ' + pm.environment.get(\"accessToken\")\r",
									"//     },\r",
									"//     body: {\r",
									"//         mode: 'raw',\r",
									"//         raw: JSON.stringify({\r",
									"//             \"pin\": \"123123\"\r",
									"//         })\r",
									"//     }\r",
									"// }, function (err, res) {\r",
									"//     if (res.code == 200) {\r",
									"//         console.log(\"disono\")\r",
									"//         pm.environment.set(\"current-pin\", \"123123\");\r",
									"//         pm.environment.set(\"change-pin\", \"121212\");\r",
									"//     } else {\r",
									"//         console.log(\"disini\")\r",
									"//         pm.environment.set(\"current-pin\", \"121212\");\r",
									"//         pm.environment.set(\"change-pin\", \"123123\");\r",
									"//     }\r",
									"// });"
								],
								"type": "text/javascript",
								"packages": {}
							}
						}
					],
					"request": {
						"auth": {
							"type": "bearer",
							"bearer": [
								{
									"key": "token",
									"value": "{{accessToken}}",
									"type": "string"
								}
							]
						},
						"method": "POST",
						"header": [
							{
								"key": "Accept",
								"value": "application/json",
								"type": "text"
							},
							{
								"key": "Content-Type",
								"value": "application/json",
								"type": "text"
							}
						],
						"body": {
							"mode": "raw",
							"raw": "{\r\n  \"pin\": \"{{pin}}\"\r\n}\r\n\r\n// {\r\n//   \"pin\": \"123123\"\r\n// }",
							"options": {
								"raw": {
									"language": "json"
								}
							}
						},
						"url": {
							"raw": "{{base_url}}/users/verify-pin",
							"host": [
								"{{base_url}}"
							],
							"path": [
								"users",
								"verify-pin"
							]
						}
					},
					"response": []
				},
				{
					"name": "Change User PIN",
					"event": [
						{
							"listen": "test",
							"script": {
								"exec": [
									"pm.test(\"Check if status code is 200\", function () {\r",
									"    pm.response.to.have.status(200);\r",
									"\r",
									"    pm.environment.set(\"current-pin\", pm.environment.get(\"change-pin\"));\r",
									"});\r",
									"\r",
									"pm.test(\"Check if response time is less than 2s\", function () {\r",
									"    pm.expect(pm.response.responseTime).to.be.below(2000);\r",
									"});\r",
									"\r",
									"pm.test(\"Check message value - Pin has been changed\", function () {\r",
									"    var jsonData = pm.response.json();\r",
									"    pm.expect(jsonData.message).to.eql(\"Pin has been changed\");\r",
									"}); "
								],
								"type": "text/javascript",
								"packages": {}
							}
						}
					],
					"request": {
						"auth": {
							"type": "bearer",
							"bearer": [
								{
									"key": "token",
									"value": "{{accessToken}}",
									"type": "string"
								}
							]
						},
						"method": "PATCH",
						"header": [
							{
								"key": "Accept",
								"value": "application/json",
								"type": "text"
							},
							{
								"key": "Content-Type",
								"value": "application/json",
								"type": "text"
							},
							{
								"key": "X-SIGNATURE",
								"value": "{{X-SIGNATURE}}",
								"type": "text"
							}
						],
						"body": {
							"mode": "raw",
							"raw": "{\r\n  \"pin\": \"{{new-pin}}\",\r\n  \"confirm_pin\": \"{{new-pin}}\"\r\n}\r\n\r\n// {\r\n//   \"pin\": \"123123\",\r\n//   \"confirm_pin\": \"123123\"\r\n// }",
							"options": {
								"raw": {
									"language": "json"
								}
							}
						},
						"url": {
							"raw": "{{base_url}}/users/change-pin",
							"host": [
								"{{base_url}}"
							],
							"path": [
								"users",
								"change-pin"
							]
						}
					},
					"response": []
				},
				{
					"name": "Verify User Password",
					"event": [
						{
							"listen": "test",
							"script": {
								"exec": [
									"var jsonData = pm.response.json();\r",
									"pm.environment.set(\"X-SIGNATURE\", jsonData.data.signature);\r",
									"\r",
									"pm.test(\"Check if status code is 200\", function () {\r",
									"    pm.response.to.have.status(200);\r",
									"});\r",
									"\r",
									"pm.test(\"Check if response time is less than 2s\", function () {\r",
									"    pm.expect(pm.response.responseTime).to.be.below(2000);\r",
									"});\r",
									"\r",
									"pm.test(\"Check message value - Password has been verified\", function () {\r",
									"    var jsonData = pm.response.json();\r",
									"    pm.expect(jsonData.message).to.eql(\"Password has been verified\");\r",
									"}); \r",
									"\r",
									"pm.test(\"Body matches string signature\", function () {\r",
									"    pm.expect(pm.response.text()).to.include(\"signature\");\r",
									"});"
								],
								"type": "text/javascript",
								"packages": {}
							}
						},
						{
							"listen": "prerequest",
							"script": {
								"exec": [
									"// pm.sendRequest({\r",
									"//     url: pm.environment.get(\"base_url\") + \"/users/verify-password\",\r",
									"//     method: 'POST',\r",
									"//     header: {\r",
									"//         'Content-Type': 'application/json',\r",
									"//         'Authorization': 'Bearer ' + pm.environment.get(\"accessToken\")\r",
									"//     },\r",
									"//     body: {\r",
									"//         mode: 'raw',\r",
									"//         raw: JSON.stringify({\r",
									"//             \"password\": \"7e5tin9_U53r\"\r",
									"//         })\r",
									"//     }\r",
									"// }, function (err, res) {\r",
									"//     if (res.code == 200) {\r",
									"//         pm.environment.set(\"current-password\", \"7e5tin9_U53r\");\r",
									"//         pm.environment.set(\"change-password\", \"P4ssword_7e5tin9\");\r",
									"//     } else {\r",
									"//         pm.environment.set(\"current-password\", \"P4ssword_7e5tin9\");\r",
									"//         pm.environment.set(\"change-password\", \"7e5tin9_U53r\");\r",
									"//     }\r",
									"// });"
								],
								"type": "text/javascript",
								"packages": {}
							}
						}
					],
					"request": {
						"auth": {
							"type": "bearer",
							"bearer": [
								{
									"key": "token",
									"value": "{{accessToken}}",
									"type": "string"
								}
							]
						},
						"method": "POST",
						"header": [
							{
								"key": "Accept",
								"value": "application/json",
								"type": "text"
							},
							{
								"key": "Content-Type",
								"value": "application/json",
								"type": "text"
							}
						],
						"body": {
							"mode": "raw",
							"raw": "// {\r\n//   \"password\": \"P4ssword_7e5tin9\"\r\n// }\r\n\r\n{\r\n  \"password\": \"{{password}}\"\r\n}",
							"options": {
								"raw": {
									"language": "json"
								}
							}
						},
						"url": {
							"raw": "{{base_url}}/users/verify-password",
							"host": [
								"{{base_url}}"
							],
							"path": [
								"users",
								"verify-password"
							]
						}
					},
					"response": []
				},
				{
					"name": "Change User Password",
					"event": [
						{
							"listen": "test",
							"script": {
								"exec": [
									"pm.test(\"Check if status code is 200\", function () {\r",
									"    pm.response.to.have.status(200);\r",
									"\r",
									"    pm.environment.set(\"current-password\", pm.environment.get(\"change-password\"));\r",
									"});\r",
									"\r",
									"pm.test(\"Check if response time is less than 2s\", function () {\r",
									"    pm.expect(pm.response.responseTime).to.be.below(2000);\r",
									"});\r",
									"\r",
									"pm.test(\"Check message value - Password has been changed\", function () {\r",
									"    var jsonData = pm.response.json();\r",
									"    pm.expect(jsonData.message).to.eql(\"Password has been changed\");\r",
									"}); "
								],
								"type": "text/javascript",
								"packages": {}
							}
						}
					],
					"request": {
						"auth": {
							"type": "bearer",
							"bearer": [
								{
									"key": "token",
									"value": "{{accessToken}}",
									"type": "string"
								}
							]
						},
						"method": "PATCH",
						"header": [
							{
								"key": "Accept",
								"value": "application/json",
								"type": "text"
							},
							{
								"key": "Content-Type",
								"value": "application/json",
								"type": "text"
							},
							{
								"key": "X-SIGNATURE",
								"value": "{{X-SIGNATURE}}",
								"type": "text"
							}
						],
						"body": {
							"mode": "raw",
							"raw": "// {\r\n//   \"password\": \"7e5tin9_U53r\",\r\n//   \"confirm_password\": \"7e5tin9_U53r\"\r\n// }\r\n\r\n{\r\n  \"password\": \"{{new-password}}\",\r\n  \"confirm_password\": \"{{new-password}}\"\r\n}",
							"options": {
								"raw": {
									"language": "json"
								}
							}
						},
						"url": {
							"raw": "{{base_url}}/users/change-password",
							"host": [
								"{{base_url}}"
							],
							"path": [
								"users",
								"change-password"
							]
						}
					},
					"response": []
				},
				{
					"name": "Change User Number",
					"event": [
						{
							"listen": "test",
							"script": {
								"exec": [
									"pm.test(\"Check if status code is 200\", function () {\r",
									"    pm.response.to.have.status(200);\r",
									"});\r",
									"\r",
									"pm.test(\"Check if response time is less than 2s\", function () {\r",
									"    pm.expect(pm.response.responseTime).to.be.below(2000);\r",
									"});\r",
									"\r",
									"// pm.test(\"Check message value - Password has been verified\", function () {\r",
									"//     var jsonData = pm.response.json();\r",
									"//     pm.expect(jsonData.message).to.eql(\"Password has been verified\");\r",
									"// }); \r",
									"\r",
									"// pm.test(\"Body matches string signature\", function () {\r",
									"//     pm.expect(pm.response.text()).to.include(\"signature\");\r",
									"// });"
								],
								"type": "text/javascript",
								"packages": {}
							}
						},
						{
							"listen": "prerequest",
							"script": {
								"exec": [
									"// pm.sendRequest({\r",
									"//     url: pm.environment.get(\"base_url\") + \"/users/profile\",\r",
									"//     method: 'GET',\r",
									"//     header: {\r",
									"//         'Content-Type': 'application/json',\r",
									"//         'Authorization': 'Bearer ' + pm.environment.get(\"accessToken\")\r",
									"//     }\r",
									"// }, function (err, res) {\r",
									"//     if (err) {\r",
									"//         console.log(\"Error Get profile in: \", err);\r",
									"//     } else {\r",
									"//         var response = res.json();\r",
									"        \r",
									"//         var currentData = response.data.phone\r",
									"\r",
									"//         if (currentData === \"6285158112481\") {\r",
									"//             pm.environment.set(\"change-phone\", \"6282223519805\");\r",
									"//         } else {\r",
									"//             pm.environment.set(\"change-phone\", \"6285158112481\");\r",
									"//         }\r",
									"//     }\r",
									"// });"
								],
								"type": "text/javascript",
								"packages": {}
							}
						}
					],
					"request": {
						"auth": {
							"type": "bearer",
							"bearer": [
								{
									"key": "token",
									"value": "{{accessToken}}",
									"type": "string"
								}
							]
						},
						"method": "PATCH",
						"header": [
							{
								"key": "Accept",
								"value": "application/json",
								"type": "text"
							},
							{
								"key": "Content-Type",
								"value": "application/json",
								"type": "text"
							}
						],
						"body": {
							"mode": "raw",
							"raw": "{\r\n  \"phone\": \"{{new_phone}}\"\r\n}\r\n\r\n// {\r\n//   \"phone\": \"6285158112481\"\r\n// }",
							"options": {
								"raw": {
									"language": "json"
								}
							}
						},
						"url": {
							"raw": "{{base_url}}/users/change-number",
							"host": [
								"{{base_url}}"
							],
							"path": [
								"users",
								"change-number"
							]
						}
					},
					"response": []
				},
				{
					"name": "Verify Phone Number OTP",
					"event": [
						{
							"listen": "test",
							"script": {
								"exec": [
									"\r",
									"\r",
									"pm.test(\"Check if status code is 200\", function () {\r",
									"    pm.response.to.have.status(200);\r",
									"\r",
									"    pm.environment.set(\"current-phone\", pm.environment.get(\"change-phone\"));\r",
									"});\r",
									"\r",
									"pm.test(\"Check if response time is less than 2s\", function () {\r",
									"    pm.expect(pm.response.responseTime).to.be.below(2000);\r",
									"});\r",
									"\r",
									"// pm.test(\"Check message value - Email change request has been sent\", function () {\r",
									"//     var jsonData = pm.response.json();\r",
									"//     pm.expect(jsonData.message).to.eql(\"Email change request has been sent\");\r",
									"// }); "
								],
								"type": "text/javascript",
								"packages": {}
							}
						},
						{
							"listen": "prerequest",
							"script": {
								"exec": [
									""
								],
								"type": "text/javascript",
								"packages": {}
							}
						}
					],
					"request": {
						"auth": {
							"type": "bearer",
							"bearer": [
								{
									"key": "token",
									"value": "{{accessToken}}",
									"type": "string"
								}
							]
						},
						"method": "POST",
						"header": [
							{
								"key": "Content-Type",
								"value": "application/json",
								"type": "text"
							},
							{
								"key": "Accept",
								"value": "application/json",
								"type": "text"
							}
						],
						"body": {
							"mode": "raw",
							"raw": "{\r\n  \"otp\": \"123456\"\r\n}",
							"options": {
								"raw": {
									"language": "json"
								}
							}
						},
						"url": {
							"raw": "{{base_url}}/users/verify-number",
							"host": [
								"{{base_url}}"
							],
							"path": [
								"users",
								"verify-number"
							]
						}
					},
					"response": []
				},
				{
					"name": "Change User Email",
					"event": [
						{
							"listen": "test",
							"script": {
								"exec": [
									"pm.test(\"Check if status code is 200\", function () {\r",
									"    pm.response.to.have.status(200);\r",
									"});\r",
									"\r",
									"pm.test(\"Check if response time is less than 2s\", function () {\r",
									"    pm.expect(pm.response.responseTime).to.be.below(2000);\r",
									"});\r",
									"\r",
									"pm.test(\"Check message value - Email change request has been sent\", function () {\r",
									"    var jsonData = pm.response.json();\r",
									"    pm.expect(jsonData.message).to.eql(\"Email change request has been sent\");\r",
									"}); "
								],
								"type": "text/javascript",
								"packages": {}
							}
						},
						{
							"listen": "prerequest",
							"script": {
								"exec": [
									"// pm.sendRequest({\r",
									"//     url: pm.environment.get(\"base_url\") + \"/users/profile\",\r",
									"//     method: 'GET',\r",
									"//     header: {\r",
									"//         'Content-Type': 'application/json',\r",
									"//         'Authorization': 'Bearer ' + pm.environment.get(\"accessToken\")\r",
									"//     }\r",
									"// }, function (err, res) {\r",
									"//     if (err) {\r",
									"//         console.log(\"Error Get profile in: \", err);\r",
									"//     } else {\r",
									"//         var response = res.json();\r",
									"        \r",
									"//         var currentData = response.data.email\r",
									"\r",
									"//         if (currentData === \"astrianianggit@gmail.com\") {\r",
									"//             pm.environment.set(\"change-email\", \"anggitastriani10@gmail.com\");\r",
									"//         } else {\r",
									"//             pm.environment.set(\"change-email\", \"astrianianggit@gmail.com\");\r",
									"//         }\r",
									"//     }\r",
									"// });"
								],
								"type": "text/javascript",
								"packages": {}
							}
						}
					],
					"request": {
						"auth": {
							"type": "bearer",
							"bearer": [
								{
									"key": "token",
									"value": "{{accessToken}}",
									"type": "string"
								}
							]
						},
						"method": "PATCH",
						"header": [
							{
								"key": "Content-Type",
								"value": "application/json",
								"type": "text"
							},
							{
								"key": "Accept",
								"value": "application/json",
								"type": "text"
							}
						],
						"body": {
							"mode": "raw",
							"raw": "{\r\n  \"email\": \"{{new-email}}\"\r\n}\r\n\r\n// {\r\n//   \"email\": \"astrianianggit@gmail.com\"\r\n// }",
							"options": {
								"raw": {
									"language": "json"
								}
							}
						},
						"url": {
							"raw": "{{base_url}}/users/change-email",
							"host": [
								"{{base_url}}"
							],
							"path": [
								"users",
								"change-email"
							]
						}
					},
					"response": []
				},
				{
					"name": "Verify User Email",
					"event": [
						{
							"listen": "test",
							"script": {
								"exec": [
									"pm.test(\"Check if status code is 200\", function () {\r",
									"    pm.response.to.have.status(200);\r",
									"\r",
									"    pm.environment.set(\"current-email\", pm.environment.get(\"change-email\"));\r",
									"});\r",
									"\r",
									"pm.test(\"Check if response time is less than 2s\", function () {\r",
									"    pm.expect(pm.response.responseTime).to.be.below(2000);\r",
									"});\r",
									"\r",
									"pm.test(\"Check message value - Email has been verified\", function () {\r",
									"    var jsonData = pm.response.json();\r",
									"    pm.expect(jsonData.message).to.eql(\"Email has been verified\");\r",
									"}); "
								],
								"type": "text/javascript",
								"packages": {}
							}
						}
					],
					"request": {
						"auth": {
							"type": "bearer",
							"bearer": [
								{
									"key": "token",
									"value": "{{accessToken}}",
									"type": "string"
								}
							]
						},
						"method": "POST",
						"header": [
							{
								"key": "Accept",
								"value": "application/json",
								"type": "text"
							},
							{
								"key": "Content-Type",
								"value": "application/json",
								"type": "text"
							}
						],
						"body": {
							"mode": "raw",
							"raw": "{\r\n  \"otp\": \"123456\"\r\n}",
							"options": {
								"raw": {
									"language": "json"
								}
							}
						},
						"url": {
							"raw": "{{base_url}}/users/verify-email",
							"host": [
								"{{base_url}}"
							],
							"path": [
								"users",
								"verify-email"
							]
						}
					},
					"response": []
				}
			]
		}
	]
}