{
	"info": {
		"_postman_id": "1885c9f3-d98c-45fe-a6ef-547efbd3cda2",
		"name": "RupiApp-Registration",
		"schema": "https://schema.getpostman.com/json/collection/v2.1.0/collection.json",
		"_exporter_id": "34446296",
		"_collection_link": "https://team-7-rupi-app.postman.co/workspace/f39f6ea8-4ef9-4601-8aec-776a9606be10/collection/34446296-1885c9f3-d98c-45fe-a6ef-547efbd3cda2?action=share&source=collection_link&creator=34446296"
	},
	"item": [
		{
			"name": "Auth/Signup",
			"item": [
				{
					"name": "Sign Up",
					"event": [
						{
							"listen": "test",
							"script": {
								"exec": [
									"var jsonData = pm.response.json();\r",
									"pm.environment.set(\"regist-pass\", jsonData.data.password);\r",
									"\r",
									"pm.test(\"Check if status code is 201\", function () {\r",
									"    pm.response.to.have.status(201);\r",
									"});\r",
									"\r",
									"pm.test(\"Check if response time is less than 2s\", function () {\r",
									"    pm.expect(pm.response.responseTime).to.be.below(2000);\r",
									"});\r",
									"\r",
									"pm.test(\"Check response type data username, email, phone, password\", function () {\r",
									"    var jsonData = pm.response.json();\r",
									"    pm.expect(jsonData.data.username).to.be.a(\"string\");\r",
									"    pm.expect(jsonData.data.email).to.be.a(\"string\");\r",
									"    pm.expect(jsonData.data.phone).to.be.a(\"string\");\r",
									"    pm.expect(jsonData.data.password).to.be.a(\"string\");\r",
									"});\r",
									"\r",
									"pm.test(\"Check message value - Signup success\", function () {\r",
									"    var jsonData = pm.response.json();\r",
									"    pm.expect(jsonData.message).to.eql(\"Signup success\");\r",
									"});\r",
									"\r",
									"const schema = \r",
									"{\r",
									"  \"type\": \"object\",\r",
									"  \"properties\": {\r",
									"    \"data\": {\r",
									"      \"type\": \"object\",\r",
									"      \"properties\": {\r",
									"        \"username\": {\r",
									"          \"type\": \"string\"\r",
									"        },\r",
									"        \"email\": {\r",
									"          \"type\": \"string\"\r",
									"        },\r",
									"        \"phone\": {\r",
									"          \"type\": \"string\"\r",
									"        },\r",
									"        \"password\": {\r",
									"          \"type\": \"string\"\r",
									"        }\r",
									"      },\r",
									"      \"required\": [\r",
									"        \"username\",\r",
									"        \"email\",\r",
									"        \"phone\",\r",
									"        \"password\"\r",
									"      ]\r",
									"    },\r",
									"    \"message\": {\r",
									"      \"type\": \"string\"\r",
									"    }\r",
									"  },\r",
									"  \"required\": [\r",
									"    \"data\",\r",
									"    \"message\"\r",
									"  ]\r",
									"}\r",
									"\r",
									"pm.test(\"Check validate json schema\", function() {\r",
									"    pm.response.to.have.jsonSchema(schema);\r",
									"});"
								],
								"type": "text/javascript",
								"packages": {}
							}
						}
					],
					"request": {
						"method": "POST",
						"header": [
							{
								"key": "Content-Type",
								"value": "application/json",
								"type": "text"
							},
							{
								"key": "Accept",
								"value": "application/json",
								"type": "text"
							}
						],
						"body": {
							"mode": "raw",
							"raw": "{\r\n  \"full_name\": \"Endah Puji\",\r\n  \"username\": \"endah\",\r\n  \"email\": \"endahpuji@gmail.com\",\r\n  \"phone\": \"6285158112481\"\r\n}\r\n\r\n// {\r\n//   \"full_name\": \"Anggit Astriani\",\r\n//   \"username\": \"anggitastriani\",\r\n//   \"email\": \"anggitastriani10@gmail.com\",\r\n//   \"phone\": \"6282223519805\"\r\n// }",
							"options": {
								"raw": {
									"language": "json"
								}
							}
						},
						"url": {
							"raw": "{{base_url}}/auth/signup",
							"host": [
								"{{base_url}}"
							],
							"path": [
								"auth",
								"signup"
							],
							"query": [
								{
									"key": "",
									"value": "",
									"disabled": true
								}
							]
						}
					},
					"response": []
				},
				{
					"name": "Sign In",
					"event": [
						{
							"listen": "test",
							"script": {
								"exec": [
									"var jsonData = pm.response.json();\r",
									"pm.environment.set(\"accessToken\", jsonData.data.access_token);\r",
									"pm.environment.set(\"refreshToken\", jsonData.data.refresh_token);\r",
									"\r",
									"pm.test(\"Check if status code is 200\", function () {\r",
									"    pm.response.to.have.status(200);\r",
									"});\r",
									"\r",
									"pm.test(\"Check if response time is less than 2s\", function () {\r",
									"    pm.expect(pm.response.responseTime).to.be.below(2000);\r",
									"});\r",
									"\r",
									"pm.test(\"Check response type data\", function () {\r",
									"    var jsonData = pm.response.json();\r",
									"    pm.expect(jsonData.data.username).to.be.a(\"string\");\r",
									"    pm.expect(jsonData.data.email).to.be.a(\"string\");\r",
									"    pm.expect(jsonData.data.phone).to.be.a(\"string\");\r",
									"    pm.expect(jsonData.data.access_token).to.be.a(\"string\");\r",
									"    pm.expect(jsonData.data.refresh_token).to.be.a(\"string\");\r",
									"});\r",
									"\r",
									"pm.test(\"Body matches string access token\", function () {\r",
									"    pm.expect(pm.response.text()).to.include(\"access_token\");\r",
									"});\r",
									"\r",
									"pm.test(\"Body matches string resfresh token\", function () {\r",
									"    pm.expect(pm.response.text()).to.include(\"refresh_token\");\r",
									"});\r",
									"\r",
									"pm.test(\"Check message value - Signin success\", function () {\r",
									"    var jsonData = pm.response.json();\r",
									"    pm.expect(jsonData.message).to.eql(\"Signin success\");\r",
									"});\r",
									"\r",
									"const schema = \r",
									"{\r",
									"  \"type\": \"object\",\r",
									"  \"properties\": {\r",
									"    \"data\": {\r",
									"      \"type\": \"object\",\r",
									"      \"properties\": {\r",
									"        \"username\": {\r",
									"          \"type\": \"string\"\r",
									"        },\r",
									"        \"email\": {\r",
									"          \"type\": \"string\"\r",
									"        },\r",
									"        \"phone\": {\r",
									"          \"type\": \"string\"\r",
									"        },\r",
									"        \"access_token\": {\r",
									"          \"type\": \"string\"\r",
									"        },\r",
									"        \"refresh_token\": {\r",
									"          \"type\": \"string\"\r",
									"        }\r",
									"      },\r",
									"      \"required\": [\r",
									"        \"username\",\r",
									"        \"email\",\r",
									"        \"phone\",\r",
									"        \"access_token\",\r",
									"        \"refresh_token\"\r",
									"      ]\r",
									"    },\r",
									"    \"message\": {\r",
									"      \"type\": \"string\"\r",
									"    }\r",
									"  },\r",
									"  \"required\": [\r",
									"    \"data\",\r",
									"    \"message\"\r",
									"  ]\r",
									"}\r",
									"\r",
									"pm.test(\"Check validate json schema\", function() {\r",
									"    pm.response.to.have.jsonSchema(schema);\r",
									"});"
								],
								"type": "text/javascript",
								"packages": {}
							}
						}
					],
					"request": {
						"method": "POST",
						"header": [
							{
								"key": "Content-Type",
								"value": "application/json",
								"type": "text"
							},
							{
								"key": "Accept",
								"value": "application/json",
								"type": "text"
							}
						],
						"body": {
							"mode": "raw",
							"raw": "{\r\n  \"username\": \"endah\",\r\n  \"password\": \"{{regist-pass}}\"\r\n}",
							"options": {
								"raw": {
									"language": "json"
								}
							}
						},
						"url": {
							"raw": "{{base_url}}/auth/signin",
							"host": [
								"{{base_url}}"
							],
							"path": [
								"auth",
								"signin"
							]
						}
					},
					"response": []
				},
				{
					"name": "Verifikasi OTP Registration",
					"event": [
						{
							"listen": "test",
							"script": {
								"exec": [
									"pm.test(\"Check if status code is 200\", function () {\r",
									"    pm.response.to.have.status(200);\r",
									"});\r",
									"\r",
									"pm.test(\"Check if response time is less than 2s\", function () {\r",
									"    pm.expect(pm.response.responseTime).to.be.below(2000);\r",
									"});\r",
									"\r",
									"pm.test(\"Check message value - Registration verified\", function () {\r",
									"    var jsonData = pm.response.json();\r",
									"    pm.expect(jsonData.message).to.eql(\"Registration verified\");\r",
									"});"
								],
								"type": "text/javascript",
								"packages": {}
							}
						}
					],
					"request": {
						"auth": {
							"type": "bearer",
							"bearer": [
								{
									"key": "token",
									"value": "{{accessToken}}",
									"type": "string"
								}
							]
						},
						"method": "POST",
						"header": [
							{
								"key": "Content-Type",
								"value": "application/json",
								"type": "text"
							},
							{
								"key": "Accept",
								"value": "application/json",
								"type": "text"
							},
							{
								"key": "",
								"value": "",
								"type": "text",
								"disabled": true
							}
						],
						"body": {
							"mode": "raw",
							"raw": "{\r\n  \"type\": \"LOGIN\",\r\n  \"otp\": \"123456\"\r\n}",
							"options": {
								"raw": {
									"language": "json"
								}
							}
						},
						"url": {
							"raw": "{{base_url}}/auth/verify",
							"host": [
								"{{base_url}}"
							],
							"path": [
								"auth",
								"verify"
							]
						}
					},
					"response": []
				},
				{
					"name": "Set New Password",
					"event": [
						{
							"listen": "test",
							"script": {
								"exec": [
									"pm.test(\"Check if status code is 200\", function () {\r",
									"    pm.response.to.have.status(200);\r",
									"});\r",
									"\r",
									"pm.test(\"Check if response time is less than 2s\", function () {\r",
									"    pm.expect(pm.response.responseTime).to.be.below(2000);\r",
									"});\r",
									"\r",
									"pm.test(\"Check message value - Password has been successfully updated.\", function () {\r",
									"    var jsonData = pm.response.json();\r",
									"    pm.expect(jsonData.message).to.eql(\"Password has been successfully updated.\");\r",
									"});"
								],
								"type": "text/javascript",
								"packages": {}
							}
						}
					],
					"request": {
						"auth": {
							"type": "bearer",
							"bearer": [
								{
									"key": "token",
									"value": "{{accessToken}}",
									"type": "string"
								}
							]
						},
						"method": "POST",
						"header": [
							{
								"key": "Content-Type",
								"value": "application/json",
								"type": "text"
							},
							{
								"key": "Accept",
								"value": "application/json",
								"type": "text"
							}
						],
						"body": {
							"mode": "raw",
							"raw": "{\r\n  \"password\": \"P4ssword_7e5tin9\",\r\n  \"confirm_password\": \"P4ssword_7e5tin9\"\r\n}",
							"options": {
								"raw": {
									"language": "json"
								}
							}
						},
						"url": {
							"raw": "{{base_url}}/auth/set-password",
							"host": [
								"{{base_url}}"
							],
							"path": [
								"auth",
								"set-password"
							]
						}
					},
					"response": []
				},
				{
					"name": "Set PIN",
					"event": [
						{
							"listen": "test",
							"script": {
								"exec": [
									"pm.test(\"Check if status code is 200\", function () {\r",
									"    pm.response.to.have.status(200);\r",
									"});\r",
									"\r",
									"pm.test(\"Check if response time is less than 2s\", function () {\r",
									"    pm.expect(pm.response.responseTime).to.be.below(2000);\r",
									"});\r",
									"\r",
									"pm.test(\"Check message value - PIN has been successfully set.\", function () {\r",
									"    var jsonData = pm.response.json();\r",
									"    pm.expect(jsonData.message).to.eql(\"PIN has been successfully set.\");\r",
									"});"
								],
								"type": "text/javascript",
								"packages": {}
							}
						}
					],
					"request": {
						"auth": {
							"type": "bearer",
							"bearer": [
								{
									"key": "token",
									"value": "{{accessToken}}",
									"type": "string"
								}
							]
						},
						"method": "POST",
						"header": [
							{
								"key": "Content-Type",
								"value": "application/json",
								"type": "text"
							},
							{
								"key": "Accept",
								"value": "application/json",
								"type": "text"
							}
						],
						"body": {
							"mode": "raw",
							"raw": "{\r\n  \"pin\": \"121212\",\r\n  \"confirm_pin\": \"121212\"\r\n}",
							"options": {
								"raw": {
									"language": "json"
								}
							}
						},
						"url": {
							"raw": "{{base_url}}/auth/set-pin",
							"host": [
								"{{base_url}}"
							],
							"path": [
								"auth",
								"set-pin"
							]
						}
					},
					"response": []
				},
				{
					"name": "Logout",
					"event": [
						{
							"listen": "test",
							"script": {
								"exec": [
									"pm.test(\"Check if status code is 200\", function () {\r",
									"    pm.response.to.have.status(200);\r",
									"});\r",
									"\r",
									"pm.test(\"Check if response time is less than 2s\", function () {\r",
									"    pm.expect(pm.response.responseTime).to.be.below(2000);\r",
									"});\r",
									"\r",
									"pm.test(\"Check message value - Signout success\", function () {\r",
									"    var jsonData = pm.response.json();\r",
									"    pm.expect(jsonData.message).to.eql(\"Signout success\");\r",
									"});"
								],
								"type": "text/javascript",
								"packages": {}
							}
						}
					],
					"request": {
						"auth": {
							"type": "bearer",
							"bearer": [
								{
									"key": "token",
									"value": "{{accessToken}}",
									"type": "string"
								}
							]
						},
						"method": "POST",
						"header": [
							{
								"key": "Accept",
								"value": "application/json",
								"type": "text"
							}
						],
						"url": {
							"raw": "{{base_url}}/auth/signout",
							"host": [
								"{{base_url}}"
							],
							"path": [
								"auth",
								"signout"
							]
						}
					},
					"response": []
				}
			]
		}
	]
}