{
	"info": {
		"_postman_id": "e52c0a12-b82c-493b-86d5-9ce974ecfeff",
		"name": "RupiApp-MVP",
		"schema": "https://schema.getpostman.com/json/collection/v2.1.0/collection.json",
		"_exporter_id": "34446296",
		"_collection_link": "https://team-7-rupi-app.postman.co/workspace/f39f6ea8-4ef9-4601-8aec-776a9606be10/collection/34446296-e52c0a12-b82c-493b-86d5-9ce974ecfeff?action=share&source=collection_link&creator=34446296"
	},
	"item": [
		{
			"name": "Auth / Login",
			"item": [
				{
					"name": "Forgot Password",
					"event": [
						{
							"listen": "test",
							"script": {
								"exec": [
									"pm.test(\"Check if status code is 200\", function () {\r",
									"    pm.response.to.have.status(200);\r",
									"});\r",
									"\r",
									"pm.test(\"Check if response time is less than 2s\", function () {\r",
									"    pm.expect(pm.response.responseTime).to.be.below(2000);\r",
									"});\r",
									"\r",
									"pm.test(\"Check message value - OTP for forgot password has been sent\", function () {\r",
									"    var jsonData = pm.response.json();\r",
									"    pm.expect(jsonData.message).to.eql(\"OTP for forgot password has been sent.\");\r",
									"});"
								],
								"type": "text/javascript",
								"packages": {}
							}
						}
					],
					"request": {
						"method": "POST",
						"header": [
							{
								"key": "Accept",
								"value": "application/json",
								"type": "text",
								"disabled": true
							},
							{
								"key": "Content-Type",
								"value": "application/json",
								"type": "text",
								"disabled": true
							}
						],
						"body": {
							"mode": "raw",
							"raw": "{\r\n    \"username\": \"anggitastriani\"\r\n}",
							"options": {
								"raw": {
									"language": "json"
								}
							}
						},
						"url": {
							"raw": "{{base_url}}/auth/forgot-password",
							"host": [
								"{{base_url}}"
							],
							"path": [
								"auth",
								"forgot-password"
							]
						}
					},
					"response": []
				},
				{
					"name": "Verifikasi OTP Forgot Password",
					"event": [
						{
							"listen": "test",
							"script": {
								"exec": [
									"pm.test(\"Check if status code is 200\", function () {\r",
									"    pm.response.to.have.status(200);\r",
									"});\r",
									"\r",
									"pm.test(\"Check if response time is less than 2s\", function () {\r",
									"    pm.expect(pm.response.responseTime).to.be.below(2000);\r",
									"});\r",
									"\r",
									"pm.test(\"Check message value - Password changed\", function () {\r",
									"    var jsonData = pm.response.json();\r",
									"    pm.expect(jsonData.message).to.eql(\"Password changed\");\r",
									"});"
								],
								"type": "text/javascript",
								"packages": {}
							}
						}
					],
					"request": {
						"auth": {
							"type": "noauth"
						},
						"method": "POST",
						"header": [
							{
								"key": "Content-Type",
								"value": "application/json",
								"type": "text",
								"disabled": true
							},
							{
								"key": "Accept",
								"value": "application/json",
								"type": "text",
								"disabled": true
							},
							{
								"key": "",
								"value": "",
								"type": "text",
								"disabled": true
							}
						],
						"body": {
							"mode": "raw",
							"raw": "// {\r\n//     \"type\": \"FORGOT_PASSWORD\",\r\n//     \"username\": \"anggitastriani\",\r\n//     \"otp\": \"123456\",\r\n//     \"password\": \"P4ssword_7e5tin9\",\r\n//     \"confirm_password\": \"P4ssword_7e5tin9\"\r\n// }\r\n\r\n{\r\n    \"type\": \"FORGOT_PASSWORD\",\r\n    \"username\": \"anggitastriani\",\r\n    \"otp\": \"123456\",\r\n    \"password\": \"P4ssword_7e5tin9\",\r\n    \"confirm_password\": \"P4ssword_7e5tin9\"\r\n}",
							"options": {
								"raw": {
									"language": "json"
								}
							}
						},
						"url": {
							"raw": "{{base_url}}/auth/verify",
							"host": [
								"{{base_url}}"
							],
							"path": [
								"auth",
								"verify"
							]
						}
					},
					"response": []
				},
				{
					"name": "Forgot Username (Email)",
					"event": [
						{
							"listen": "test",
							"script": {
								"exec": [
									"pm.test(\"Check if status code is 200\", function () {\r",
									"    pm.response.to.have.status(200);\r",
									"});\r",
									"\r",
									"pm.test(\"Check if response time is less than 2s\", function () {\r",
									"    pm.expect(pm.response.responseTime).to.be.below(2000);\r",
									"});\r",
									"\r",
									"pm.test(\"Check message value - Username has been sent to your email\", function () {\r",
									"    var jsonData = pm.response.json();\r",
									"    pm.expect(jsonData.message).to.eql(\"Username has been sent to your email\");\r",
									"});"
								],
								"type": "text/javascript",
								"packages": {}
							}
						}
					],
					"request": {
						"method": "POST",
						"header": [
							{
								"key": "Accept",
								"value": "application/json",
								"type": "text"
							},
							{
								"key": "Content-Type",
								"value": "application/json",
								"type": "text"
							}
						],
						"body": {
							"mode": "raw",
							"raw": "// {\r\n//   \"destination\": \"astrianianggit@gmail.com\"\r\n// }\r\n\r\n{\r\n  \"destination\": \"anggitastriani10@gmail.com\"\r\n}",
							"options": {
								"raw": {
									"language": "json"
								}
							}
						},
						"url": {
							"raw": "{{base_url}}/auth/forgot-username",
							"host": [
								"{{base_url}}"
							],
							"path": [
								"auth",
								"forgot-username"
							]
						}
					},
					"response": []
				},
				{
					"name": "Forgot Username (Phone)",
					"event": [
						{
							"listen": "test",
							"script": {
								"exec": [
									"pm.test(\"Check if status code is 200\", function () {\r",
									"    pm.response.to.have.status(200);\r",
									"});\r",
									"\r",
									"pm.test(\"Check if response time is less than 2s\", function () {\r",
									"    pm.expect(pm.response.responseTime).to.be.below(2000);\r",
									"});\r",
									"\r",
									"pm.test(\"Check message value - Username has been sent to your phone\", function () {\r",
									"    var jsonData = pm.response.json();\r",
									"    pm.expect(jsonData.message).to.eql(\"Username has been sent to your phone\");\r",
									"});"
								],
								"type": "text/javascript",
								"packages": {}
							}
						}
					],
					"request": {
						"method": "POST",
						"header": [
							{
								"key": "Accept",
								"value": "application/json",
								"type": "text"
							},
							{
								"key": "Content-Type",
								"value": "application/json",
								"type": "text"
							}
						],
						"body": {
							"mode": "raw",
							"raw": "// {\r\n//   \"destination\": \"{{current-phone}}\"\r\n// }\r\n\r\n{\r\n  \"destination\": \"6282223519805\"\r\n}\r\n\r\n// {\r\n//   \"destination\": \"6285158112481\"\r\n// }",
							"options": {
								"raw": {
									"language": "json"
								}
							}
						},
						"url": {
							"raw": "{{base_url}}/auth/forgot-username",
							"host": [
								"{{base_url}}"
							],
							"path": [
								"auth",
								"forgot-username"
							]
						}
					},
					"response": []
				},
				{
					"name": "Sign In",
					"event": [
						{
							"listen": "test",
							"script": {
								"exec": [
									"var jsonData = pm.response.json();\r",
									"pm.environment.set(\"accessToken\", jsonData.data.access_token);\r",
									"pm.environment.set(\"refreshToken\", jsonData.data.refresh_token);\r",
									"\r",
									"pm.test(\"Check if status code is 200\", function () {\r",
									"    pm.response.to.have.status(200);\r",
									"});\r",
									"\r",
									"pm.test(\"Check if response time is less than 2s\", function () {\r",
									"    pm.expect(pm.response.responseTime).to.be.below(2000);\r",
									"});\r",
									"\r",
									"pm.test(\"Check response type data\", function () {\r",
									"    var jsonData = pm.response.json();\r",
									"    pm.expect(jsonData.data.username).to.be.a(\"string\");\r",
									"    pm.expect(jsonData.data.email).to.be.a(\"string\");\r",
									"    pm.expect(jsonData.data.phone).to.be.a(\"string\");\r",
									"    pm.expect(jsonData.data.access_token).to.be.a(\"string\");\r",
									"    pm.expect(jsonData.data.refresh_token).to.be.a(\"string\");\r",
									"});\r",
									"\r",
									"pm.test(\"Body matches string access token\", function () {\r",
									"    pm.expect(pm.response.text()).to.include(\"access_token\");\r",
									"});\r",
									"\r",
									"pm.test(\"Body matches string resfresh token\", function () {\r",
									"    pm.expect(pm.response.text()).to.include(\"refresh_token\");\r",
									"});\r",
									"\r",
									"pm.test(\"Check message value - Signin success\", function () {\r",
									"    var jsonData = pm.response.json();\r",
									"    pm.expect(jsonData.message).to.eql(\"Signin success\");\r",
									"});\r",
									"\r",
									"const schema = \r",
									"{\r",
									"  \"type\": \"object\",\r",
									"  \"properties\": {\r",
									"    \"data\": {\r",
									"      \"type\": \"object\",\r",
									"      \"properties\": {\r",
									"        \"username\": {\r",
									"          \"type\": \"string\"\r",
									"        },\r",
									"        \"email\": {\r",
									"          \"type\": \"string\"\r",
									"        },\r",
									"        \"phone\": {\r",
									"          \"type\": \"string\"\r",
									"        },\r",
									"        \"access_token\": {\r",
									"          \"type\": \"string\"\r",
									"        },\r",
									"        \"refresh_token\": {\r",
									"          \"type\": \"string\"\r",
									"        }\r",
									"      },\r",
									"      \"required\": [\r",
									"        \"username\",\r",
									"        \"email\",\r",
									"        \"phone\",\r",
									"        \"access_token\",\r",
									"        \"refresh_token\"\r",
									"      ]\r",
									"    },\r",
									"    \"message\": {\r",
									"      \"type\": \"string\"\r",
									"    }\r",
									"  },\r",
									"  \"required\": [\r",
									"    \"data\",\r",
									"    \"message\"\r",
									"  ]\r",
									"}\r",
									"\r",
									"pm.test(\"Check validate json schema\", function() {\r",
									"    pm.response.to.have.jsonSchema(schema);\r",
									"});"
								],
								"type": "text/javascript",
								"packages": {}
							}
						},
						{
							"listen": "prerequest",
							"script": {
								"exec": [
									""
								],
								"type": "text/javascript",
								"packages": {}
							}
						}
					],
					"request": {
						"method": "POST",
						"header": [
							{
								"key": "Content-Type",
								"value": "application/json",
								"type": "text"
							},
							{
								"key": "Accept",
								"value": "application/json",
								"type": "text"
							}
						],
						"body": {
							"mode": "raw",
							"raw": "// {\r\n//   \"username\": \"anggitastriani\",\r\n//   \"password\": \"{{current-password}}\"\r\n// }\r\n\r\n// {\r\n//   \"username\": \"anggitastriani\",\r\n//   \"password\": \"7e5tin9_U53r\"\r\n// }\r\n\r\n{\r\n  \"username\": \"anggitastriani\",\r\n  \"password\": \"P4ssword_7e5tin9\"\r\n}\r\n\r\n// {\r\n//   \"username\": \"samsul\",\r\n//   \"password\": \"123#4a567U8\"\r\n// }\r\n\r\n// {\r\n//     \"username\": \"testing2\",\r\n//     \"password\": \"Muhamad2001@\"\r\n// }",
							"options": {
								"raw": {
									"language": "json"
								}
							}
						},
						"url": {
							"raw": "{{base_url}}/auth/signin",
							"host": [
								"{{base_url}}"
							],
							"path": [
								"auth",
								"signin"
							]
						}
					},
					"response": []
				},
				{
					"name": "Verifikasi OTP Login",
					"event": [
						{
							"listen": "test",
							"script": {
								"exec": [
									"pm.test(\"Check if status code is 200\", function () {\r",
									"    pm.response.to.have.status(200);\r",
									"});\r",
									"\r",
									"pm.test(\"Check if response time is less than 2s\", function () {\r",
									"    pm.expect(pm.response.responseTime).to.be.below(2000);\r",
									"});\r",
									"\r",
									"pm.test(\"Check message value - Login verified\", function () {\r",
									"    var jsonData = pm.response.json();\r",
									"    pm.expect(jsonData.message).to.eql(\"Login verified\");\r",
									"});"
								],
								"type": "text/javascript",
								"packages": {}
							}
						}
					],
					"request": {
						"auth": {
							"type": "bearer",
							"bearer": [
								{
									"key": "token",
									"value": "{{accessToken}}",
									"type": "string"
								}
							]
						},
						"method": "POST",
						"header": [
							{
								"key": "Content-Type",
								"value": "application/json",
								"type": "text"
							},
							{
								"key": "Accept",
								"value": "application/json",
								"type": "text"
							},
							{
								"key": "",
								"value": "",
								"type": "text",
								"disabled": true
							}
						],
						"body": {
							"mode": "raw",
							"raw": "{\r\n  \"type\": \"LOGIN\",\r\n  \"otp\": \"123456\"\r\n}",
							"options": {
								"raw": {
									"language": "json"
								}
							}
						},
						"url": {
							"raw": "{{base_url}}/auth/verify",
							"host": [
								"{{base_url}}"
							],
							"path": [
								"auth",
								"verify"
							]
						}
					},
					"response": []
				},
				{
					"name": "Resend Verification OTP",
					"event": [
						{
							"listen": "test",
							"script": {
								"exec": [
									"pm.test(\"Check if status code is 200\", function () {\r",
									"    pm.response.to.have.status(200);\r",
									"});\r",
									"\r",
									"pm.test(\"Check if response time is less than 2s\", function () {\r",
									"    pm.expect(pm.response.responseTime).to.be.below(2000);\r",
									"});\r",
									"\r",
									"pm.test(\"Check message value - Resend verification success\", function () {\r",
									"    var jsonData = pm.response.json();\r",
									"    pm.expect(jsonData.message).to.eql(\"Resend verification success\");\r",
									"});"
								],
								"type": "text/javascript",
								"packages": {}
							}
						}
					],
					"request": {
						"auth": {
							"type": "bearer",
							"bearer": [
								{
									"key": "token",
									"value": "{{accessToken}}",
									"type": "string"
								}
							]
						},
						"method": "POST",
						"header": [
							{
								"key": "Content-Type",
								"value": "application/json",
								"type": "text"
							},
							{
								"key": "Accept",
								"value": "application/json",
								"type": "text"
							}
						],
						"body": {
							"mode": "raw",
							"raw": "{\r\n  \"username\": \"anggitastriani\"\r\n}",
							"options": {
								"raw": {
									"language": "json"
								}
							}
						},
						"url": {
							"raw": "{{base_url}}/auth/verify/resend",
							"host": [
								"{{base_url}}"
							],
							"path": [
								"auth",
								"verify",
								"resend"
							]
						}
					},
					"response": []
				},
				{
					"name": "Login with PIN",
					"event": [
						{
							"listen": "test",
							"script": {
								"exec": [
									"var jsonData = pm.response.json();\r",
									"pm.environment.set(\"accessToken\", jsonData.data.access_token);\r",
									"\r",
									"pm.test(\"Check if status code is 200\", function () {\r",
									"    pm.response.to.have.status(200);\r",
									"});\r",
									"\r",
									"pm.test(\"Check if response time is less than 2s\", function () {\r",
									"    pm.expect(pm.response.responseTime).to.be.below(2000);\r",
									"});\r",
									"\r",
									"pm.test(\"Check message value - Successfully refreshed token\", function () {\r",
									"    var jsonData = pm.response.json();\r",
									"    pm.expect(jsonData.message).to.eql(\"Successfully refreshed token\");\r",
									"});\r",
									"\r",
									"pm.test(\"Body matches string access token\", function () {\r",
									"    pm.expect(pm.response.text()).to.include(\"access_token\");\r",
									"});\r",
									"\r",
									"const schema =\r",
									"{\r",
									"  \"type\": \"object\",\r",
									"  \"properties\": {\r",
									"    \"data\": {\r",
									"      \"type\": \"object\",\r",
									"      \"properties\": {\r",
									"        \"access_token\": {\r",
									"          \"type\": \"string\"\r",
									"        }\r",
									"      },\r",
									"      \"required\": [\r",
									"        \"access_token\"\r",
									"      ]\r",
									"    },\r",
									"    \"message\": {\r",
									"      \"type\": \"string\"\r",
									"    }\r",
									"  },\r",
									"  \"required\": [\r",
									"    \"data\",\r",
									"    \"message\"\r",
									"  ]\r",
									"}\r",
									"\r",
									"pm.test(\"Check validate json schema\", function() {\r",
									"    pm.response.to.have.jsonSchema(schema);\r",
									"});"
								],
								"type": "text/javascript",
								"packages": {}
							}
						}
					],
					"request": {
						"auth": {
							"type": "noauth"
						},
						"method": "POST",
						"header": [
							{
								"key": "Content-Type",
								"value": "application/json",
								"type": "text"
							},
							{
								"key": "Accept",
								"value": "application/json",
								"type": "text"
							}
						],
						"body": {
							"mode": "raw",
							"raw": "{\r\n  \"refresh_token\": \"{{refreshToken}}\",\r\n  \"pin\": \"{{pin}}\"\r\n}",
							"options": {
								"raw": {
									"language": "json"
								}
							}
						},
						"url": {
							"raw": "{{base_url}}/auth/refresh-token",
							"host": [
								"{{base_url}}"
							],
							"path": [
								"auth",
								"refresh-token"
							]
						}
					},
					"response": []
				}
			]
		},
		{
			"name": "Transfer",
			"item": [
				{
					"name": "Add Transfer destinations",
					"event": [
						{
							"listen": "test",
							"script": {
								"exec": [
									"var jsonData = pm.response.json();\r",
									"pm.environment.set(\"destinationID\", jsonData.data.destination_id);\r",
									"\r",
									"pm.test(\"Check if status code is 201\", function () {\r",
									"    pm.response.to.have.status(200);\r",
									"});\r",
									"\r",
									"pm.test(\"Check if response time is less than 2s\", function () {\r",
									"    pm.expect(pm.response.responseTime).to.be.below(2000);\r",
									"});\r",
									"\r",
									"pm.test(\"Check response type data\", function () {\r",
									"    var jsonData = pm.response.json();\r",
									"    pm.expect(jsonData.data.fullname).to.be.a(\"string\");\r",
									"    pm.expect(jsonData.data.account_number).to.be.a(\"string\");\r",
									"    pm.expect(jsonData.data.destination_id).to.be.a(\"string\");\r",
									"});\r",
									"\r",
									"pm.test(\"Check message value - transaction has been added\", function () {\r",
									"    var jsonData = pm.response.json();\r",
									"    pm.expect(jsonData.message).to.eql(\"transaction has been added\");\r",
									"}); \r",
									"\r",
									"const schema =\r",
									"{\r",
									"  \"type\": \"object\",\r",
									"  \"properties\": {\r",
									"    \"data\": {\r",
									"      \"type\": \"object\",\r",
									"      \"properties\": {\r",
									"        \"fullname\": {\r",
									"          \"type\": \"string\"\r",
									"        },\r",
									"        \"account_number\": {\r",
									"          \"type\": \"string\"\r",
									"        },\r",
									"        \"destination_id\": {\r",
									"          \"type\": \"string\"\r",
									"        }\r",
									"      },\r",
									"      \"required\": [\r",
									"        \"fullname\",\r",
									"        \"account_number\",\r",
									"        \"destination_id\"\r",
									"      ]\r",
									"    },\r",
									"    \"message\": {\r",
									"      \"type\": \"string\"\r",
									"    }\r",
									"  },\r",
									"  \"required\": [\r",
									"    \"data\",\r",
									"    \"message\"\r",
									"  ]\r",
									"}\r",
									"\r",
									"pm.test(\"Check validate json schema\", function() {\r",
									"    pm.response.to.have.jsonSchema(schema);\r",
									"});"
								],
								"type": "text/javascript",
								"packages": {}
							}
						}
					],
					"request": {
						"auth": {
							"type": "bearer",
							"bearer": [
								{
									"key": "token",
									"value": "{{accessToken}}",
									"type": "string"
								}
							]
						},
						"method": "POST",
						"header": [
							{
								"key": "Content-Type",
								"value": "application/json",
								"type": "text"
							},
							{
								"key": "Accept",
								"value": "application/json",
								"type": "text"
							}
						],
						"body": {
							"mode": "raw",
							"raw": "{\r\n  \"account_number\": \"0117292038\"\r\n}",
							"options": {
								"raw": {
									"language": "json"
								}
							}
						},
						"url": {
							"raw": "{{base_url}}/transfer/destinations",
							"host": [
								"{{base_url}}"
							],
							"path": [
								"transfer",
								"destinations"
							]
						}
					},
					"response": []
				},
				{
					"name": "Transfer intrabank",
					"event": [
						{
							"listen": "test",
							"script": {
								"exec": [
									"pm.test(\"Check if status code is 200\", function () {\r",
									"    pm.response.to.have.status(200);\r",
									"});\r",
									"\r",
									"pm.test(\"Check if response time is less than 2s\", function () {\r",
									"    pm.expect(pm.response.responseTime).to.be.below(2000);\r",
									"});\r",
									"\r",
									"pm.test(\"Check message value - Transfer success\", function () {\r",
									"    var jsonData = pm.response.json();\r",
									"    pm.expect(jsonData.message).to.eql(\"Transfer success\");\r",
									"}); \r",
									"\r",
									"const schema =\r",
									"{\r",
									"  \"type\": \"object\",\r",
									"  \"properties\": {\r",
									"    \"data\": {\r",
									"      \"type\": \"object\",\r",
									"      \"properties\": {\r",
									"        \"receiver_detail\": {\r",
									"          \"type\": \"object\",\r",
									"          \"properties\": {\r",
									"            \"name\": {\r",
									"              \"type\": \"string\"\r",
									"            },\r",
									"            \"account_number\": {\r",
									"              \"type\": \"string\"\r",
									"            }\r",
									"          },\r",
									"          \"required\": [\r",
									"            \"name\",\r",
									"            \"account_number\"\r",
									"          ]\r",
									"        },\r",
									"        \"mutation_detail\": {\r",
									"          \"type\": \"object\",\r",
									"          \"properties\": {\r",
									"            \"mutation_id\": {\r",
									"              \"type\": \"string\"\r",
									"            },\r",
									"            \"amount\": {\r",
									"              \"type\": \"number\"\r",
									"            },\r",
									"            \"created_at\": {\r",
									"              \"type\": \"string\"\r",
									"            }\r",
									"          },\r",
									"          \"required\": [\r",
									"            \"mutation_id\",\r",
									"            \"amount\",\r",
									"            \"created_at\"\r",
									"          ]\r",
									"        },\r",
									"        \"sender_detail\": {\r",
									"          \"type\": \"object\",\r",
									"          \"properties\": {\r",
									"            \"name\": {\r",
									"              \"type\": \"string\"\r",
									"            },\r",
									"            \"account_number\": {\r",
									"              \"type\": \"string\"\r",
									"            }\r",
									"          },\r",
									"          \"required\": [\r",
									"            \"name\",\r",
									"            \"account_number\"\r",
									"          ]\r",
									"        },\r",
									"        \"description\": {\r",
									"          \"type\": \"string\"\r",
									"        },\r",
									"        \"transaction_purpose\": {\r",
									"          \"type\": \"string\"\r",
									"        }\r",
									"      },\r",
									"      \"required\": [\r",
									"        \"receiver_detail\",\r",
									"        \"mutation_detail\",\r",
									"        \"sender_detail\",\r",
									"        \"description\",\r",
									"        \"transaction_purpose\"\r",
									"      ]\r",
									"    },\r",
									"    \"message\": {\r",
									"      \"type\": \"string\"\r",
									"    }\r",
									"  },\r",
									"  \"required\": [\r",
									"    \"data\",\r",
									"    \"message\"\r",
									"  ]\r",
									"}\r",
									"\r",
									"pm.test(\"Check validate json schema\", function() {\r",
									"    pm.response.to.have.jsonSchema(schema);\r",
									"});"
								],
								"type": "text/javascript",
								"packages": {}
							}
						}
					],
					"request": {
						"auth": {
							"type": "bearer",
							"bearer": [
								{
									"key": "token",
									"value": "{{accessToken}}",
									"type": "string"
								}
							]
						},
						"method": "POST",
						"header": [
							{
								"key": "Content-Type",
								"value": "application/json",
								"type": "text"
							},
							{
								"key": "Accept",
								"value": "application/json",
								"type": "text"
							}
						],
						"body": {
							"mode": "raw",
							"raw": "{\r\n  \"destination_id\": \"{{destinationID}}\",\r\n  \"amount\": 200000,\r\n  \"description\": \"Transfer to Samsul\",\r\n  \"type\": \"TRANSFER\",\r\n  \"pin\": \"{{pin}}\",\r\n  \"transaction_purpose\": \"OTHER\"\r\n}",
							"options": {
								"raw": {
									"language": "json"
								}
							}
						},
						"url": {
							"raw": "{{base_url}}/transfer/intrabank",
							"host": [
								"{{base_url}}"
							],
							"path": [
								"transfer",
								"intrabank"
							]
						}
					},
					"response": []
				},
				{
					"name": "List Transfer destinations",
					"event": [
						{
							"listen": "test",
							"script": {
								"exec": [
									"pm.test(\"Check if status code is 200\", function () {\r",
									"    pm.response.to.have.status(200);\r",
									"});\r",
									"\r",
									"pm.test(\"Check if response time is less than 2s\", function () {\r",
									"    pm.expect(pm.response.responseTime).to.be.below(2000);\r",
									"});\r",
									"\r",
									"pm.test(\"Check message value - List of destinations\", function () {\r",
									"    var jsonData = pm.response.json();\r",
									"    pm.expect(jsonData.message).to.eql(\"List of destinations\");\r",
									"}); "
								],
								"type": "text/javascript",
								"packages": {}
							}
						}
					],
					"protocolProfileBehavior": {
						"disableBodyPruning": true
					},
					"request": {
						"auth": {
							"type": "bearer",
							"bearer": [
								{
									"key": "token",
									"value": "{{accessToken}}",
									"type": "string"
								}
							]
						},
						"method": "GET",
						"header": [
							{
								"key": "Content-Type",
								"value": "application/json",
								"type": "text",
								"disabled": true
							},
							{
								"key": "Accept",
								"value": "application/json",
								"type": "text"
							}
						],
						"body": {
							"mode": "raw",
							"raw": "",
							"options": {
								"raw": {
									"language": "json"
								}
							}
						},
						"url": {
							"raw": "{{base_url}}/transfer/destinations",
							"host": [
								"{{base_url}}"
							],
							"path": [
								"transfer",
								"destinations"
							]
						}
					},
					"response": []
				},
				{
					"name": "Destination detail",
					"event": [
						{
							"listen": "test",
							"script": {
								"exec": [
									"pm.test(\"Check if status code is 200\", function () {\r",
									"    pm.response.to.have.status(200);\r",
									"});\r",
									"\r",
									"pm.test(\"Check if response time is less than 2s\", function () {\r",
									"    pm.expect(pm.response.responseTime).to.be.below(2000);\r",
									"});\r",
									"\r",
									"pm.test(\"Check response type data\", function () {\r",
									"    var jsonData = pm.response.json();\r",
									"    pm.expect(jsonData.data.fullname).to.be.a(\"string\");\r",
									"    pm.expect(jsonData.data.account_number).to.be.a(\"string\");\r",
									"    pm.expect(jsonData.data.bank_name).to.be.a(\"string\");\r",
									"});\r",
									"\r",
									"pm.test(\"Check message value - transaction detail has been sent\", function () {\r",
									"    var jsonData = pm.response.json();\r",
									"    pm.expect(jsonData.message).to.eql(\"transaction detail has been sent\");\r",
									"}); "
								],
								"type": "text/javascript",
								"packages": {}
							}
						}
					],
					"request": {
						"auth": {
							"type": "bearer",
							"bearer": [
								{
									"key": "token",
									"value": "{{accessToken}}",
									"type": "string"
								}
							]
						},
						"method": "GET",
						"header": [
							{
								"key": "Content-Type",
								"value": "application/json",
								"type": "text"
							},
							{
								"key": "Accept",
								"value": "application/json",
								"type": "text"
							}
						],
						"url": {
							"raw": "{{base_url}}/transfer/destinations/{{destinationID}}",
							"host": [
								"{{base_url}}"
							],
							"path": [
								"transfer",
								"destinations",
								"{{destinationID}}"
							]
						}
					},
					"response": []
				},
				{
					"name": "Add to favorites",
					"event": [
						{
							"listen": "test",
							"script": {
								"exec": [
									"pm.test(\"Check if status code is 200\", function () {\r",
									"    pm.response.to.have.status(200);\r",
									"});\r",
									"\r",
									"pm.test(\"Check if response time is less than 2s\", function () {\r",
									"    pm.expect(pm.response.responseTime).to.be.below(2000);\r",
									"});\r",
									"\r",
									"pm.test(\"Check message value - Transaction added to favorites\", function () {\r",
									"    var jsonData = pm.response.json();\r",
									"    pm.expect(jsonData.message).to.eql(\"Transaction added to favorites\");\r",
									"}); "
								],
								"type": "text/javascript",
								"packages": {}
							}
						}
					],
					"request": {
						"auth": {
							"type": "bearer",
							"bearer": [
								{
									"key": "token",
									"value": "{{accessToken}}",
									"type": "string"
								}
							]
						},
						"method": "PATCH",
						"header": [
							{
								"key": "Content-Type",
								"value": "application/json",
								"type": "text"
							},
							{
								"key": "Accept",
								"value": "application/json",
								"type": "text"
							}
						],
						"body": {
							"mode": "raw",
							"raw": "{\r\n  \"is_favorites\": true\r\n}",
							"options": {
								"raw": {
									"language": "json"
								}
							}
						},
						"url": {
							"raw": "{{base_url}}/transfer/destinations/{{destinationID}}",
							"host": [
								"{{base_url}}"
							],
							"path": [
								"transfer",
								"destinations",
								"{{destinationID}}"
							]
						}
					},
					"response": []
				},
				{
					"name": "Generate QRIS CPM Transaksi",
					"event": [
						{
							"listen": "test",
							"script": {
								"exec": [
									"if (pm.response.code === 200) {\r",
									"    var jsonData = pm.response.json();\r",
									"\r",
									"    pm.sendRequest({\r",
									"        url: 'https://api.izo.my.id/qr/scan',\r",
									"        method: 'POST',\r",
									"        header: {\r",
									"            'Content-Type': 'application/json'\r",
									"        },\r",
									"        body: {\r",
									"            mode: 'raw',\r",
									"            raw: JSON.stringify({ \"image\": \"data:image/png;base64,\"+jsonData.data.qris })\r",
									"        }\r",
									"    }, function (err, res) {\r",
									"        if (err) {\r",
									"            console.log(\"Error scanning QR: \", err);\r",
									"        } else {\r",
									"            const scanResult = res.json().data;\r",
									"\r",
									"            pm.environment.set(\"qris-cpm\", scanResult);\r",
									"\r",
									"            console.log(scanResult)\r",
									"        }\r",
									"    });\r",
									"}\r",
									"\r",
									"pm.test(\"Check if status code is 200\", function () {\r",
									"    pm.response.to.have.status(200);\r",
									"});\r",
									"\r",
									"pm.test(\"Check if response time is less than 2s\", function () {\r",
									"    pm.expect(pm.response.responseTime).to.be.below(2000);\r",
									"});\r",
									"\r",
									"pm.test(\"Body matches string qris\", function () {\r",
									"    pm.expect(pm.response.text()).to.include(\"qris\");\r",
									"});\r",
									"\r",
									"pm.test(\"Body matches string expired at\", function () {\r",
									"    pm.expect(pm.response.text()).to.include(\"expired_at\");\r",
									"});\r",
									"\r",
									"pm.test(\"Check message value - Qris transaction has been created\", function () {\r",
									"    var jsonData = pm.response.json();\r",
									"    pm.expect(jsonData.message).to.eql(\"Qris transaction has been created\");\r",
									"}); "
								],
								"type": "text/javascript",
								"packages": {}
							}
						}
					],
					"request": {
						"auth": {
							"type": "bearer",
							"bearer": [
								{
									"key": "token",
									"value": "{{accessToken}}",
									"type": "string"
								}
							]
						},
						"method": "POST",
						"header": [
							{
								"key": "Accept",
								"value": "*/*",
								"type": "text"
							},
							{
								"key": "Content-Type",
								"value": "application/json",
								"type": "text"
							}
						],
						"body": {
							"mode": "raw",
							"raw": "{\r\n  \"pin\": \"{{pin}}\"\r\n}",
							"options": {
								"raw": {
									"language": "json"
								}
							}
						},
						"url": {
							"raw": "{{base_url}}/transfer/qris/generate/cpm",
							"host": [
								"{{base_url}}"
							],
							"path": [
								"transfer",
								"qris",
								"generate",
								"cpm"
							]
						}
					},
					"response": []
				},
				{
					"name": "Demo QRIS CPM",
					"event": [
						{
							"listen": "test",
							"script": {
								"exec": [
									"pm.test(\"Check if status code is 200\", function () {\r",
									"    pm.response.to.have.status(200);\r",
									"});\r",
									"\r",
									"pm.test(\"Check if response time is less than 2s\", function () {\r",
									"    pm.expect(pm.response.responseTime).to.be.below(2000);\r",
									"});\r",
									"\r",
									"pm.test(\"Check message value - Demo Qris CPM success\", function () {\r",
									"    var jsonData = pm.response.json();\r",
									"    pm.expect(jsonData.message).to.eql(\"Demo Qris CPM success\");\r",
									"});"
								],
								"type": "text/javascript",
								"packages": {}
							}
						}
					],
					"request": {
						"auth": {
							"type": "bearer",
							"bearer": [
								{
									"key": "token",
									"value": "{{accessToken}}",
									"type": "string"
								}
							]
						},
						"method": "POST",
						"header": [
							{
								"key": "Accept",
								"value": "*/*",
								"type": "text"
							},
							{
								"key": "Content-Type",
								"value": "application/json",
								"type": "text"
							}
						],
						"body": {
							"mode": "raw",
							"raw": "{\r\n  \"qris\": \"{{qris-cpm}}\",\r\n  \"merchant\": \"Anggit\",\r\n  \"amount\": 123000\r\n}",
							"options": {
								"raw": {
									"language": "json"
								}
							}
						},
						"url": {
							"raw": "{{base_url}}/demo/qris/cpm",
							"host": [
								"{{base_url}}"
							],
							"path": [
								"demo",
								"qris",
								"cpm"
							]
						}
					},
					"response": []
				}
			]
		},
		{
			"name": "Account",
			"item": [
				{
					"name": "Account Mutations Credit",
					"event": [
						{
							"listen": "test",
							"script": {
								"exec": [
									"var jsonData = pm.response.json();\r",
									"if(jsonData.data.content == null){\r",
									"    pm.environment.set(\"mutationID\", jsonData.data.content);\r",
									"} else {\r",
									"    pm.environment.set(\"mutationID\", jsonData.data.content[0].id);\r",
									"}\r",
									"\r",
									"pm.test(\"Check if status code is 200\", function () {\r",
									"    pm.response.to.have.status(200);\r",
									"});\r",
									"\r",
									"pm.test(\"Check if response time is less than 2s\", function () {\r",
									"    pm.expect(pm.response.responseTime).to.be.below(2000);\r",
									"});"
								],
								"type": "text/javascript",
								"packages": {}
							}
						}
					],
					"request": {
						"auth": {
							"type": "bearer",
							"bearer": [
								{
									"key": "token",
									"value": "{{accessToken}}",
									"type": "string"
								}
							]
						},
						"method": "GET",
						"header": [
							{
								"key": "Accept",
								"value": "application/json",
								"type": "text"
							}
						],
						"url": {
							"raw": "{{base_url}}/account/mutations?startDate=2024-08-20&endDate=2024-08-26&page=0&size=2",
							"host": [
								"{{base_url}}"
							],
							"path": [
								"account",
								"mutations"
							],
							"query": [
								{
									"key": "startDate",
									"value": "2024-08-20"
								},
								{
									"key": "endDate",
									"value": "2024-08-26"
								},
								{
									"key": "category",
									"value": "CREDIT",
									"disabled": true
								},
								{
									"key": "search",
									"value": "08",
									"disabled": true
								},
								{
									"key": "page",
									"value": "0"
								},
								{
									"key": "size",
									"value": "2"
								}
							]
						}
					},
					"response": []
				},
				{
					"name": "Account Mutations Debit",
					"event": [
						{
							"listen": "test",
							"script": {
								"exec": [
									"var jsonData = pm.response.json();\r",
									"// pm.environment.set(\"mutationID\", jsonData.data.content[0].id);\r",
									"\r",
									"pm.test(\"Check if status code is 200\", function () {\r",
									"    pm.response.to.have.status(200);\r",
									"});\r",
									"\r",
									"pm.test(\"Check if response time is less than 2s\", function () {\r",
									"    pm.expect(pm.response.responseTime).to.be.below(2000);\r",
									"});"
								],
								"type": "text/javascript",
								"packages": {}
							}
						}
					],
					"request": {
						"auth": {
							"type": "bearer",
							"bearer": [
								{
									"key": "token",
									"value": "{{accessToken}}",
									"type": "string"
								}
							]
						},
						"method": "GET",
						"header": [
							{
								"key": "Accept",
								"value": "application/json",
								"type": "text"
							}
						],
						"url": {
							"raw": "{{base_url}}/account/mutations?startDate=2024-08-20&endDate=2024-08-26&category=DEBIT&page=0&size=10",
							"host": [
								"{{base_url}}"
							],
							"path": [
								"account",
								"mutations"
							],
							"query": [
								{
									"key": "startDate",
									"value": "2024-08-20"
								},
								{
									"key": "endDate",
									"value": "2024-08-26"
								},
								{
									"key": "category",
									"value": "DEBIT"
								},
								{
									"key": "search",
									"value": "08",
									"disabled": true
								},
								{
									"key": "page",
									"value": "0"
								},
								{
									"key": "size",
									"value": "10"
								}
							]
						}
					},
					"response": []
				},
				{
					"name": "Account Mutations Summary",
					"event": [
						{
							"listen": "test",
							"script": {
								"exec": [
									"pm.test(\"Check if status code is 200\", function () {\r",
									"    pm.response.to.have.status(200);\r",
									"});\r",
									"\r",
									"pm.test(\"Check if response time is less than 2s\", function () {\r",
									"    pm.expect(pm.response.responseTime).to.be.below(2000);\r",
									"});\r",
									"\r",
									"pm.test(\"Check message value - Account Mutation Summary fetched\", function () {\r",
									"    var jsonData = pm.response.json();\r",
									"    pm.expect(jsonData.message).to.eql(\"Account Mutation Summary fetched\");\r",
									"}); "
								],
								"type": "text/javascript",
								"packages": {}
							}
						}
					],
					"request": {
						"auth": {
							"type": "bearer",
							"bearer": [
								{
									"key": "token",
									"value": "{{accessToken}}",
									"type": "string"
								}
							]
						},
						"method": "GET",
						"header": [
							{
								"key": "Content-Type",
								"value": "application/json",
								"type": "text"
							},
							{
								"key": "Accept",
								"value": "application/json",
								"type": "text"
							}
						],
						"url": {
							"raw": "{{base_url}}/account/mutations/summary?year=2024&month=08",
							"host": [
								"{{base_url}}"
							],
							"path": [
								"account",
								"mutations",
								"summary"
							],
							"query": [
								{
									"key": "size",
									"value": "2",
									"disabled": true
								},
								{
									"key": "year",
									"value": "2024"
								},
								{
									"key": "month",
									"value": "08"
								}
							]
						}
					},
					"response": []
				},
				{
					"name": "Account Detail",
					"event": [
						{
							"listen": "test",
							"script": {
								"exec": [
									"pm.test(\"Check if status code is 200\", function () {\r",
									"    pm.response.to.have.status(200);\r",
									"});\r",
									"\r",
									"pm.test(\"Check if response time is less than 2s\", function () {\r",
									"    pm.expect(pm.response.responseTime).to.be.below(2000);\r",
									"});\r",
									"\r",
									"pm.test(\"Check response type data\", function () {\r",
									"    var jsonData = pm.response.json();\r",
									"    pm.expect(jsonData.data.user_id).to.be.a(\"string\");\r",
									"    pm.expect(jsonData.data.full_name).to.be.a(\"string\");\r",
									"    pm.expect(jsonData.data.email).to.be.a(\"string\");\r",
									"    pm.expect(jsonData.data.account_number).to.be.a(\"string\");\r",
									"    pm.expect(jsonData.data.balance).to.be.a(\"string\");\r",
									"});\r",
									"\r",
									"pm.test(\"Check message value - Account Detail fetched\", function () {\r",
									"    var jsonData = pm.response.json();\r",
									"    pm.expect(jsonData.message).to.eql(\"Account Detail fetched\");\r",
									"}); "
								],
								"type": "text/javascript",
								"packages": {}
							}
						}
					],
					"request": {
						"auth": {
							"type": "bearer",
							"bearer": [
								{
									"key": "token",
									"value": "{{accessToken}}",
									"type": "string"
								}
							]
						},
						"method": "GET",
						"header": [
							{
								"key": "Accept",
								"value": "application/json",
								"type": "text"
							}
						],
						"url": {
							"raw": "{{base_url}}/account/detail",
							"host": [
								"{{base_url}}"
							],
							"path": [
								"account",
								"detail"
							]
						}
					},
					"response": []
				},
				{
					"name": "Get Mutation Detail",
					"event": [
						{
							"listen": "test",
							"script": {
								"exec": [
									"pm.test(\"Check if status code is 200\", function () {\r",
									"    pm.response.to.have.status(200);\r",
									"});\r",
									"\r",
									"pm.test(\"Check if response time is less than 2s\", function () {\r",
									"    pm.expect(pm.response.responseTime).to.be.below(2000);\r",
									"});\r",
									"\r",
									"pm.test(\"Check message value - Mutation details retrieved\", function () {\r",
									"    var jsonData = pm.response.json();\r",
									"    pm.expect(jsonData.message).to.eql(\"Mutation details retrieved\");\r",
									"}); "
								],
								"type": "text/javascript",
								"packages": {}
							}
						}
					],
					"request": {
						"auth": {
							"type": "bearer",
							"bearer": [
								{
									"key": "token",
									"value": "{{accessToken}}",
									"type": "string"
								}
							]
						},
						"method": "GET",
						"header": [],
						"url": {
							"raw": "{{base_url}}/account/mutations/{{mutationID}}",
							"host": [
								"{{base_url}}"
							],
							"path": [
								"account",
								"mutations",
								"{{mutationID}}"
							]
						}
					},
					"response": []
				}
			]
		},
		{
			"name": "QRIS Transaction",
			"item": [
				{
					"name": "Generate Token Withdraw",
					"event": [
						{
							"listen": "test",
							"script": {
								"exec": [
									"var jsonData = pm.response.json();\r",
									"pm.environment.set(\"token-withdraw\", jsonData.data.code);\r",
									"\r",
									"pm.test(\"Check if status code is 200\", function () {\r",
									"    pm.response.to.have.status(200);\r",
									"});\r",
									"\r",
									"pm.test(\"Check if response time is less than 2s\", function () {\r",
									"    pm.expect(pm.response.responseTime).to.be.below(2000);\r",
									"});\r",
									"\r",
									"pm.test(\"Body matches string expiredAt\", function () {\r",
									"    pm.expect(pm.response.text()).to.include(\"expired_at\");\r",
									"});\r",
									"\r",
									"pm.test(\"Check message value - Token Generated Successfully\", function () {\r",
									"    var jsonData = pm.response.json();\r",
									"    pm.expect(jsonData.message).to.eql(\"Token Generated Successfully\");\r",
									"}); \r",
									"\r",
									"pm.test(\"Check token type - WITHDRAW\", function () {\r",
									"    var jsonData = pm.response.json();\r",
									"    pm.expect(jsonData.data.type).to.eql(\"WITHDRAW\");\r",
									"});"
								],
								"type": "text/javascript",
								"packages": {}
							}
						}
					],
					"request": {
						"auth": {
							"type": "bearer",
							"bearer": [
								{
									"key": "token",
									"value": "{{accessToken}}",
									"type": "string"
								}
							]
						},
						"method": "POST",
						"header": [],
						"body": {
							"mode": "raw",
							"raw": "{\r\n    \"amount\": 100000,\r\n    \"type\": \"WITHDRAW\",\r\n    \"pin\": \"{{pin}}\"\r\n}",
							"options": {
								"raw": {
									"language": "json"
								}
							}
						},
						"url": {
							"raw": "{{baseURL}}/api/v1/transactions/generate-token",
							"host": [
								"{{baseURL}}"
							],
							"path": [
								"api",
								"v1",
								"transactions",
								"generate-token"
							]
						}
					},
					"response": []
				},
				{
					"name": "Demo Withdraw",
					"event": [
						{
							"listen": "test",
							"script": {
								"exec": [
									"pm.test(\"Check if status code is 200\", function () {\r",
									"    pm.response.to.have.status(200);\r",
									"});\r",
									"\r",
									"pm.test(\"Check if response time is less than 2s\", function () {\r",
									"    pm.expect(pm.response.responseTime).to.be.below(2000);\r",
									"});\r",
									"\r",
									"// pm.test(\"Body matches string expiredAt\", function () {\r",
									"//     pm.expect(pm.response.text()).to.include(\"expired_at\");\r",
									"// });\r",
									"\r",
									"pm.test(\"Check message value - Withdraw Successfully\", function () {\r",
									"    var jsonData = pm.response.json();\r",
									"    pm.expect(jsonData.message).to.eql(\"Withdraw Successfully\");\r",
									"}); "
								],
								"type": "text/javascript",
								"packages": {}
							}
						}
					],
					"request": {
						"auth": {
							"type": "bearer",
							"bearer": [
								{
									"key": "token",
									"value": "{{accessToken}}",
									"type": "string"
								}
							]
						},
						"method": "POST",
						"header": [],
						"body": {
							"mode": "raw",
							"raw": "{\r\n    \"token\": \"{{token-withdraw}}\",\r\n    \"phone\": \"6282223519805\"\r\n}",
							"options": {
								"raw": {
									"language": "json"
								}
							}
						},
						"url": {
							"raw": "{{baseURL}}/api/v1/transactions/demo-withdraw",
							"host": [
								"{{baseURL}}"
							],
							"path": [
								"api",
								"v1",
								"transactions",
								"demo-withdraw"
							]
						}
					},
					"response": []
				},
				{
					"name": "Generate Token Topup",
					"event": [
						{
							"listen": "test",
							"script": {
								"exec": [
									"var jsonData = pm.response.json();\r",
									"pm.environment.set(\"token-topup\", jsonData.data.code);\r",
									"\r",
									"pm.test(\"Check if status code is 200\", function () {\r",
									"    pm.response.to.have.status(200);\r",
									"});\r",
									"\r",
									"pm.test(\"Check if response time is less than 2s\", function () {\r",
									"    pm.expect(pm.response.responseTime).to.be.below(2000);\r",
									"});\r",
									"\r",
									"pm.test(\"Body matches string expiredAt\", function () {\r",
									"    pm.expect(pm.response.text()).to.include(\"expired_at\");\r",
									"});\r",
									"\r",
									"pm.test(\"Check message value - Token Generated Successfully\", function () {\r",
									"    var jsonData = pm.response.json();\r",
									"    pm.expect(jsonData.message).to.eql(\"Token Generated Successfully\");\r",
									"}); \r",
									"\r",
									"pm.test(\"Check token type - TOPUP\", function () {\r",
									"    var jsonData = pm.response.json();\r",
									"    pm.expect(jsonData.data.type).to.eql(\"TOPUP\");\r",
									"});"
								],
								"type": "text/javascript",
								"packages": {}
							}
						}
					],
					"request": {
						"auth": {
							"type": "bearer",
							"bearer": [
								{
									"key": "token",
									"value": "{{accessToken}}",
									"type": "string"
								}
							]
						},
						"method": "POST",
						"header": [],
						"body": {
							"mode": "raw",
							"raw": "{\r\n    \"type\": \"TOPUP\",\r\n    \"pin\": \"{{pin}}\"\r\n}",
							"options": {
								"raw": {
									"language": "json"
								}
							}
						},
						"url": {
							"raw": "{{baseURL}}/api/v1/transactions/generate-token",
							"host": [
								"{{baseURL}}"
							],
							"path": [
								"api",
								"v1",
								"transactions",
								"generate-token"
							]
						}
					},
					"response": []
				},
				{
					"name": "Demo Topup",
					"event": [
						{
							"listen": "test",
							"script": {
								"exec": [
									"pm.test(\"Check if status code is 200\", function () {\r",
									"    pm.response.to.have.status(200);\r",
									"});\r",
									"\r",
									"pm.test(\"Check if response time is less than 2s\", function () {\r",
									"    pm.expect(pm.response.responseTime).to.be.below(2000);\r",
									"});\r",
									"\r",
									"// pm.test(\"Body matches string expiredAt\", function () {\r",
									"//     pm.expect(pm.response.text()).to.include(\"expired_at\");\r",
									"// });\r",
									"\r",
									"pm.test(\"Check message value - Topup Successfully\", function () {\r",
									"    var jsonData = pm.response.json();\r",
									"    pm.expect(jsonData.message).to.eql(\"Topup Successfully\");\r",
									"}); "
								],
								"type": "text/javascript",
								"packages": {}
							}
						}
					],
					"request": {
						"auth": {
							"type": "bearer",
							"bearer": [
								{
									"key": "token",
									"value": "{{accessToken}}",
									"type": "string"
								}
							]
						},
						"method": "POST",
						"header": [],
						"body": {
							"mode": "raw",
							"raw": "{\r\n    \"amount\": 100000,\r\n    \"token\": \"{{token-topup}}\",\r\n    \"phone\": \"6282223519805\"\r\n}",
							"options": {
								"raw": {
									"language": "json"
								}
							}
						},
						"url": {
							"raw": "{{baseURL}}/api/v1/transactions/demo-topup",
							"host": [
								"{{baseURL}}"
							],
							"path": [
								"api",
								"v1",
								"transactions",
								"demo-topup"
							]
						}
					},
					"response": []
				},
				{
					"name": "Get Topup & Withdraw Transaction History",
					"event": [
						{
							"listen": "test",
							"script": {
								"exec": [
									"pm.test(\"Check if status code is 200\", function () {\r",
									"    pm.response.to.have.status(200);\r",
									"});\r",
									"\r",
									"pm.test(\"Check if response time is less than 2s\", function () {\r",
									"    pm.expect(pm.response.responseTime).to.be.below(2000);\r",
									"});\r",
									"\r",
									"pm.test(\"Check message value - Cardless Transaction History Data Successfully Fetched\", function () {\r",
									"    var jsonData = pm.response.json();\r",
									"    pm.expect(jsonData.message).to.eql(\"Cardless Transaction History Data Successfully Fetched\");\r",
									"});"
								],
								"type": "text/javascript",
								"packages": {}
							}
						}
					],
					"request": {
						"auth": {
							"type": "bearer",
							"bearer": [
								{
									"key": "token",
									"value": "{{accessToken}}",
									"type": "string"
								}
							]
						},
						"method": "GET",
						"header": [
							{
								"key": "Content-Type",
								"value": "application/json",
								"type": "text",
								"disabled": true
							}
						],
						"url": {
							"raw": "{{baseURL}}/api/v1/transactions/token-history?startDate=2024-08-25&endDate=2024-08-26",
							"host": [
								"{{baseURL}}"
							],
							"path": [
								"api",
								"v1",
								"transactions",
								"token-history"
							],
							"query": [
								{
									"key": "startDate",
									"value": "2024-08-25"
								},
								{
									"key": "endDate",
									"value": "2024-08-26"
								}
							]
						}
					},
					"response": []
				},
				{
					"name": "Transfer Qris",
					"event": [
						{
							"listen": "prerequest",
							"script": {
								"exec": [
									"pm.sendRequest({\r",
									"    url: pm.environment.get(\"base_url\") + \"/auth/signin\",\r",
									"    method: 'POST',\r",
									"    header: {\r",
									"        'Content-Type': 'application/json'\r",
									"    },\r",
									"    body: {\r",
									"        mode: 'raw',\r",
									"        raw: JSON.stringify({\r",
									"            \"username\": \"samsul\",\r",
									"            \"password\": \"123#4a567U8\"\r",
									"        })\r",
									"    }\r",
									"}, function (err, res) {\r",
									"    if (err) {\r",
									"        console.log(\"Error signing in: \", err);\r",
									"    } else {\r",
									"        var signInResponse = res.json();\r",
									"        var accessToken = signInResponse.data.access_token;\r",
									"\r",
									"        pm.environment.set(\"access_token\", accessToken);\r",
									"\r",
									"        pm.sendRequest({\r",
									"            url: pm.environment.get(\"base_url\") + \"/auth/verify\",\r",
									"            method: 'POST',\r",
									"            header: {\r",
									"                'Content-Type': 'application/json',\r",
									"                'Authorization': 'Bearer ' + accessToken\r",
									"            },\r",
									"            body: {\r",
									"                mode: 'raw',\r",
									"                raw: JSON.stringify({\r",
									"                    \"type\": \"LOGIN\",\r",
									"                    \"otp\": \"123456\"\r",
									"                })\r",
									"            }\r",
									"        }, function (err, res) {\r",
									"            if (err) {\r",
									"                console.log(\"Error verifying OTP: \", err);\r",
									"            } else {\r",
									"                pm.sendRequest({\r",
									"                    url: pm.environment.get(\"base_url\") + \"/transfer/qris/generate\",\r",
									"                    method: 'POST',\r",
									"                    header: {\r",
									"                        'Content-Type': 'application/json',\r",
									"                        'Authorization': 'Bearer ' + accessToken\r",
									"                    },\r",
									"                    body: {\r",
									"                        mode: 'raw',\r",
									"                        raw: JSON.stringify({\r",
									"                            \"amount\": \"10000\"\r",
									"                        })\r",
									"                    }\r",
									"                }, function (err, res) {\r",
									"                    if (err) {\r",
									"                        console.log(\"Error generating QR code: \", err);\r",
									"                    } else {\r",
									"                        var qrResponse = res.json();\r",
									"                        var qris = qrResponse.data.qris;\r",
									"\r",
									"                        pm.sendRequest({\r",
									"                            url: 'https://api.izo.my.id/qr/scan',\r",
									"                            method: 'POST',\r",
									"                            header: {\r",
									"                                'Content-Type': 'application/json'\r",
									"                            },\r",
									"                            body: {\r",
									"                                mode: 'raw',\r",
									"                                raw: JSON.stringify({ \"image\": \"data:image/png;base64,\" + qris })\r",
									"                            }\r",
									"                        }, function (err, res) {\r",
									"                            if (err) {\r",
									"                                console.log(\"Error scanning QR: \", err);\r",
									"                            } else {\r",
									"                                const scanResult = res.json().data;\r",
									"\r",
									"                                pm.environment.set(\"qris-mpmU2\", scanResult);\r",
									"\r",
									"                                console.log(scanResult);\r",
									"                            }\r",
									"                        });\r",
									"                    }\r",
									"                });\r",
									"            }\r",
									"        });\r",
									"    }\r",
									"});\r",
									""
								],
								"type": "text/javascript",
								"packages": {}
							}
						},
						{
							"listen": "test",
							"script": {
								"exec": [
									"pm.test(\"Check if status code is 200\", function () {\r",
									"    pm.response.to.have.status(200);\r",
									"});\r",
									"\r",
									"pm.test(\"Check if response time is less than 2s\", function () {\r",
									"    pm.expect(pm.response.responseTime).to.be.below(2000);\r",
									"});\r",
									"\r",
									"pm.test(\"Check message value - Qris transaction has been created\", function () {\r",
									"    var jsonData = pm.response.json();\r",
									"    pm.expect(jsonData.message).to.eql(\"Qris transaction has been created\");\r",
									"}); "
								],
								"type": "text/javascript",
								"packages": {}
							}
						}
					],
					"request": {
						"auth": {
							"type": "bearer",
							"bearer": [
								{
									"key": "token",
									"value": "{{accessToken}}",
									"type": "string"
								}
							]
						},
						"method": "POST",
						"header": [
							{
								"key": "Accept",
								"value": "application/json",
								"type": "text",
								"disabled": true
							},
							{
								"key": "Content-Type",
								"value": "application/json",
								"type": "text",
								"disabled": true
							}
						],
						"body": {
							"mode": "raw",
							"raw": "{\r\n//   \"qris\": \"00020101021140140010ME.RUPIAPP5204000053033605802ID5912Samsul Bahri6007Jakarta610512345626205400804DMCT5458cc0b022143ee94bfe35509e4569f0714123456789000106304CEAB\",\r\n  \"qris\" : \"{{qris-mpmU2}}\",\r\n//   \"amount\": \"2000000\",\r\n  \"description\": \"jajan\",\r\n  \"pin\": \"{{pin}}\"\r\n}",
							"options": {
								"raw": {
									"language": "json"
								}
							}
						},
						"url": {
							"raw": "{{base_url}}/transfer/qris",
							"host": [
								"{{base_url}}"
							],
							"path": [
								"transfer",
								"qris"
							]
						}
					},
					"response": []
				},
				{
					"name": "Generate QR",
					"event": [
						{
							"listen": "test",
							"script": {
								"exec": [
									"if (pm.response.code === 200) {\r",
									"    var jsonData = pm.response.json();\r",
									"\r",
									"    pm.sendRequest({\r",
									"        url: 'https://api.izo.my.id/qr/scan',\r",
									"        method: 'POST',\r",
									"        header: {\r",
									"            'Content-Type': 'application/json'\r",
									"        },\r",
									"        body: {\r",
									"            mode: 'raw',\r",
									"            raw: JSON.stringify({ \"image\": jsonData.data.qrCode })\r",
									"        }\r",
									"    }, function (err, res) {\r",
									"        if (err) {\r",
									"            console.log(\"Error scanning QR: \", err);\r",
									"        } else {\r",
									"            const scanResult = res.json().data;\r",
									"\r",
									"            pm.environment.set(\"generate-qr\", scanResult);\r",
									"\r",
									"            console.log(scanResult)\r",
									"        }\r",
									"    });\r",
									"}\r",
									"\r",
									"pm.test(\"Check if status code is 200\", function () {\r",
									"    pm.response.to.have.status(200);\r",
									"});\r",
									"\r",
									"pm.test(\"Check if response time is less than 2s\", function () {\r",
									"    pm.expect(pm.response.responseTime).to.be.below(2000);\r",
									"});\r",
									"\r",
									"pm.test(\"Body matches string qrCode\", function () {\r",
									"    pm.expect(pm.response.text()).to.include(\"qrCode\");\r",
									"});\r",
									"\r",
									"pm.test(\"Body matches string expiredAt\", function () {\r",
									"    pm.expect(pm.response.text()).to.include(\"expiredAt\");\r",
									"});\r",
									"\r",
									"pm.test(\"Check message value - QR code generated successfully\", function () {\r",
									"    var jsonData = pm.response.json();\r",
									"    pm.expect(jsonData.message).to.eql(\"QR code generated successfully\");\r",
									"}); "
								],
								"type": "text/javascript",
								"packages": {}
							}
						}
					],
					"request": {
						"auth": {
							"type": "bearer",
							"bearer": [
								{
									"key": "token",
									"value": "{{accessToken}}",
									"type": "string"
								}
							]
						},
						"method": "POST",
						"header": [],
						"body": {
							"mode": "raw",
							"raw": "{\r\n    \"amount\" : 100000\r\n}",
							"options": {
								"raw": {
									"language": "json"
								}
							}
						},
						"url": {
							"raw": "{{baseURL}}/api/v1/transactions/generate-qr",
							"host": [
								"{{baseURL}}"
							],
							"path": [
								"api",
								"v1",
								"transactions",
								"generate-qr"
							]
						}
					},
					"response": []
				},
				{
					"name": "Detail QRIS",
					"event": [
						{
							"listen": "test",
							"script": {
								"exec": [
									"pm.test(\"Check if status code is 200\", function () {\r",
									"    pm.response.to.have.status(200);\r",
									"});\r",
									"\r",
									"pm.test(\"Check if response time is less than 2s\", function () {\r",
									"    pm.expect(pm.response.responseTime).to.be.below(2000);\r",
									"});\r",
									"\r",
									"pm.test(\"Check response type data\", function () {\r",
									"    var jsonData = pm.response.json();\r",
									"    pm.expect(jsonData.data.type).to.be.a(\"string\");\r",
									"    pm.expect(jsonData.data.transaction_id).to.be.a(\"string\");\r",
									"    pm.expect(jsonData.data.merchant).to.be.a(\"string\");\r",
									"    pm.expect(jsonData.data.account_number).to.be.a(\"string\");\r",
									"});\r",
									"\r",
									"pm.test(\"Body matches string merchant\", function () {\r",
									"    pm.expect(pm.response.text()).to.include(\"merchant\");\r",
									"});\r",
									"\r",
									"pm.test(\"Check message value - Qris detail has been sent\", function () {\r",
									"    var jsonData = pm.response.json();\r",
									"    pm.expect(jsonData.message).to.eql(\"Qris detail has been sent\");\r",
									"});"
								],
								"type": "text/javascript",
								"packages": {}
							}
						}
					],
					"request": {
						"auth": {
							"type": "bearer",
							"bearer": [
								{
									"key": "token",
									"value": "{{accessToken}}",
									"type": "string"
								}
							]
						},
						"method": "GET",
						"header": [],
						"url": {
							"raw": "{{base_url}}/transfer/qris/{{generate-qr}}",
							"host": [
								"{{base_url}}"
							],
							"path": [
								"transfer",
								"qris",
								"{{generate-qr}}"
							]
						}
					},
					"response": []
				},
				{
					"name": "Get History QR",
					"event": [
						{
							"listen": "test",
							"script": {
								"exec": [
									"pm.test(\"Check if status code is 200\", function () {\r",
									"    pm.response.to.have.status(200);\r",
									"});\r",
									"\r",
									"pm.test(\"Check if response time is less than 2s\", function () {\r",
									"    pm.expect(pm.response.responseTime).to.be.below(2000);\r",
									"});\r",
									"\r",
									"pm.test(\"Check message value - Data found\", function () {\r",
									"    var jsonData = pm.response.json();\r",
									"    pm.expect(jsonData.message).to.eql(\"Data found\");\r",
									"});"
								],
								"type": "text/javascript",
								"packages": {}
							}
						}
					],
					"request": {
						"auth": {
							"type": "bearer",
							"bearer": [
								{
									"key": "token",
									"value": "{{accessToken}}",
									"type": "string"
								}
							]
						},
						"method": "GET",
						"header": [],
						"url": {
							"raw": "{{baseURL}}/api/v1/transactions/qr?page=1&size=10",
							"host": [
								"{{baseURL}}"
							],
							"path": [
								"api",
								"v1",
								"transactions",
								"qr"
							],
							"query": [
								{
									"key": "page",
									"value": "1"
								},
								{
									"key": "size",
									"value": "10"
								}
							]
						}
					},
					"response": []
				}
			]
		}
	]
}